-- MySQL dump 10.13  Distrib 5.5.13, for Win32 (x86)
--
-- Host: localhost    Database: judgeonline
-- ------------------------------------------------------
-- Server version	5.5.13

/*!40101 SET @OLD_CHARACTER_SET_CLIENT=@@CHARACTER_SET_CLIENT */;
/*!40101 SET @OLD_CHARACTER_SET_RESULTS=@@CHARACTER_SET_RESULTS */;
/*!40101 SET @OLD_COLLATION_CONNECTION=@@COLLATION_CONNECTION */;
/*!40101 SET NAMES gb2312 */;
/*!40103 SET @OLD_TIME_ZONE=@@TIME_ZONE */;
/*!40103 SET TIME_ZONE='+00:00' */;
/*!40014 SET @OLD_UNIQUE_CHECKS=@@UNIQUE_CHECKS, UNIQUE_CHECKS=0 */;
/*!40014 SET @OLD_FOREIGN_KEY_CHECKS=@@FOREIGN_KEY_CHECKS, FOREIGN_KEY_CHECKS=0 */;
/*!40101 SET @OLD_SQL_MODE=@@SQL_MODE, SQL_MODE='NO_AUTO_VALUE_ON_ZERO' */;
/*!40111 SET @OLD_SQL_NOTES=@@SQL_NOTES, SQL_NOTES=0 */;

--
-- Table structure for table `t_admin`
--

DROP TABLE IF EXISTS `t_admin`;
/*!40101 SET @saved_cs_client     = @@character_set_client */;
/*!40101 SET character_set_client = utf8 */;
CREATE TABLE `t_admin` (
  `adminId` bigint(20) NOT NULL AUTO_INCREMENT,
  `address` varchar(20) DEFAULT NULL,
  `birthday` date DEFAULT NULL,
  `createDate` datetime NOT NULL,
  `email` varchar(20) DEFAULT NULL,
  `password` varchar(60) NOT NULL,
  `sex` varchar(10) DEFAULT NULL,
  `telephone` varchar(20) DEFAULT NULL,
  `trueName` varchar(20) DEFAULT NULL,
  `type` varchar(20) NOT NULL,
  `userName` varchar(16) NOT NULL,
  PRIMARY KEY (`adminId`)
) ENGINE=InnoDB AUTO_INCREMENT=10 DEFAULT CHARSET=gbk;
/*!40101 SET character_set_client = @saved_cs_client */;

--
-- Dumping data for table `t_admin`
--

LOCK TABLES `t_admin` WRITE;
/*!40000 ALTER TABLE `t_admin` DISABLE KEYS */;
INSERT INTO `t_admin` VALUES (1,'上海市浦东新区','1988-03-09','2013-04-09 23:44:02','admin@qq.com','30A6351F9FF7F6E40D08A59A6D4AC34EBF6DEAD8E4D09F645452B33E','女','1234567890','我是管理员','super','admin'),(2,'河南省信阳市','2013-03-20','2013-03-09 20:06:39','zhangsan@qq.com','6F7685F0C779D58ACD5470191325187C0D2CE748FEE070D83F7D15AD','女','15139630387','张三','general','zhangsan'),(3,'河南省驻马店市','2013-03-20','2013-03-09 20:07:18','lisi@qq.com','35B6994A449502315159D604AECEDED87448A61E0C731B9A0FACA664','男','15139630387','我是李四','vip','woshilisi'),(4,'河南省驻马店市','2013-03-20','2013-03-09 20:08:30','wangwu@qq.com','C526A548F713E01DFF7163A3F01738618F7A56E8A8B21975314B482C','男','15139630387','王五','super','wangwu'),(5,'河南省驻马店市','2013-03-20','2013-03-09 20:08:51','wangwu@qq.com','43E5F1BF1B625C46FD5DFECEC73BB6E788B62A32008F24EA78C5D7B6','男','15139630387','赵六','super','zhaoliu'),(6,'江苏无锡市','2013-03-29','2013-03-09 20:10:10','sunqi@qq.com','3C86752444EEAF3383C97F984C705E7E7421F1C03E733D616934BA92','女','123321123','孙琦','general','sunqi'),(7,'江苏无锡市','2013-03-29','2013-03-09 20:10:50','sunqi@qq.com','C3E3D9DE767A9F40A44CB103E50FC5704A665F66B4BF5BA22D32D8CE','男','123321123','谢跋','general','xieba'),(8,'江苏无锡市','2013-03-29','2013-03-09 20:11:21','sunqi@qq.com','A51B6CEE0E47B6CA561E6FBB3EA65591BF3E9FB491FF94067220DED4','男','123321123','啾啾','general','jiujiu'),(9,'河南濮阳','2009-05-07','2013-05-19 10:52:30','66666666@qq.com','3FF45C60D38D2A59B431D12570638A72D138F5E8A450490A4964B00C','男','123123','赵春乐','super','longbai');
/*!40000 ALTER TABLE `t_admin` ENABLE KEYS */;
UNLOCK TABLES;

--
-- Table structure for table `t_code`
--

DROP TABLE IF EXISTS `t_code`;
/*!40101 SET @saved_cs_client     = @@character_set_client */;
/*!40101 SET character_set_client = utf8 */;
CREATE TABLE `t_code` (
  `codeId` bigint(20) NOT NULL AUTO_INCREMENT,
  `codeLength` int(11) NOT NULL,
  `codeText` longtext,
  `createDate` datetime NOT NULL,
  `ipaddress` varchar(30) DEFAULT NULL,
  `language` varchar(20) NOT NULL,
  `memory` varchar(20) NOT NULL,
  `runtime` varchar(20) NOT NULL,
  `state` varchar(20) NOT NULL,
  `matchId` bigint(20) DEFAULT NULL,
  `problemId` bigint(20) NOT NULL,
  `userId` bigint(20) NOT NULL,
  `runNumber` varchar(20) NOT NULL,
  PRIMARY KEY (`codeId`),
  KEY `FK2EADEDA5A48362` (`userId`),
  KEY `FK2EADEDA28E3F88` (`problemId`),
  KEY `FK2EADED4956AC14` (`matchId`),
  CONSTRAINT `FK2EADED4956AC14` FOREIGN KEY (`matchId`) REFERENCES `t_match` (`matchId`),
  CONSTRAINT `FK2EADEDA28E3F88` FOREIGN KEY (`problemId`) REFERENCES `t_problem` (`problemId`),
  CONSTRAINT `FK2EADEDA5A48362` FOREIGN KEY (`userId`) REFERENCES `t_user` (`userId`)
) ENGINE=InnoDB AUTO_INCREMENT=222 DEFAULT CHARSET=gbk;
/*!40101 SET character_set_client = @saved_cs_client */;

--
-- Dumping data for table `t_code`
--

LOCK TABLES `t_code` WRITE;
/*!40000 ALTER TABLE `t_code` DISABLE KEYS */;
INSERT INTO `t_code` VALUES (1,8,'好难啊！我不会！','2013-03-09 21:25:13','fe80:0:0:0:8816:c6dc:322f:4ee1','java','--','--','compileError',NULL,1,1,'1'),(2,211,'import java.util.Scanner;\r\n\r\npublic class Main{\r\n	\r\n	public static void main(String[] args){\r\n		Scanner in=new Scanner(System.in);\r\n		int a=in.nextInt();\r\n		int b=in.nextInt();\r\n		System.out.println(a+b);\r\n	}\r\n}','2013-03-09 21:26:05','fe80:0:0:0:8816:c6dc:322f:4ee1','java','26913328','0','rightAnswer',NULL,1,1,'2'),(3,141,'#include<stdio.h>\r\nint main(void){\r\n    int a,b;\r\n    scanf(\"%d%d\",&a,&b);\r\n    printf(\"%d\\n\",a+b);\r\n    //system(\"pause\");\r\n    return 0;\r\n}','2013-03-09 21:27:08','fe80:0:0:0:8816:c6dc:322f:4ee1','c','27008768','0','rightAnswer',NULL,1,1,'3'),(4,141,'#include<stdio.h>\r\nint main(void){\r\n    int a,b;\r\n    scanf(\"%d%d\",&a,&b);\r\n    printf(\"%d\\n\",a+b);\r\n    //system(\"pause\");\r\n    return 0;\r\n}','2013-03-09 21:27:11','fe80:0:0:0:8816:c6dc:322f:4ee1','java','--','--','compileError',NULL,1,1,'4'),(5,141,'#include<stdio.h>\r\nint main(void){\r\n    int a,b;\r\n    scanf(\"%d%d\",&a,&b);\r\n    printf(\"%d\\n\",a+b);\r\n    //system(\"pause\");\r\n    return 0;\r\n}','2013-03-09 21:27:24','fe80:0:0:0:8816:c6dc:322f:4ee1','java','--','--','compileError',NULL,1,1,'5'),(6,141,'#include<stdio.h>\r\nint main(void){\r\n    int a,b;\r\n    scanf(\"%d%d\",&a,&b);\r\n    printf(\"%d\\n\",a+b);\r\n    //system(\"pause\");\r\n    return 0;\r\n}','2013-03-09 21:27:59','fe80:0:0:0:8816:c6dc:322f:4ee1','c','27347224','0','rightAnswer',NULL,1,1,'6'),(7,7,'输出a+b的值','2013-03-09 21:59:21','fe80:0:0:0:8816:c6dc:322f:4ee1','java','--','--','compileError',1,7,1,'1'),(8,3,'你好！','2013-03-09 22:24:23','fe80:0:0:0:8816:c6dc:322f:4ee1','java','--','--','compileError',1,7,1,'2'),(9,211,'import java.util.Scanner;\r\n\r\npublic class Main{\r\n	\r\n	public static void main(String[] args){\r\n		Scanner in=new Scanner(System.in);\r\n		int a=in.nextInt();\r\n		int b=in.nextInt();\r\n		System.out.println(a+b);\r\n	}\r\n}','2013-03-09 22:25:02','fe80:0:0:0:8816:c6dc:322f:4ee1','java','38392336','0','rightAnswer',1,7,1,'3'),(10,8,'houyajun','2013-03-09 22:25:58','fe80:0:0:0:8816:c6dc:322f:4ee1','java','--','--','compileError',1,7,3,'4'),(11,15,'public class...','2013-03-09 22:26:47','fe80:0:0:0:8816:c6dc:322f:4ee1','java','--','--','compileError',1,7,3,'5'),(12,211,'import java.util.Scanner;\r\n\r\npublic class Main{\r\n	\r\n	public static void main(String[] args){\r\n		Scanner in=new Scanner(System.in);\r\n		int a=in.nextInt();\r\n		int b=in.nextInt();\r\n		System.out.println(a+b);\r\n	}\r\n}','2013-03-09 22:26:58','fe80:0:0:0:8816:c6dc:322f:4ee1','java','39266824','0','rightAnswer',1,7,3,'6'),(13,8,'he he he','2013-03-09 22:28:32','fe80:0:0:0:8816:c6dc:322f:4ee1','java','--','--','compileError',1,8,3,'7'),(14,211,'import java.util.Scanner;\r\n\r\npublic class Main{\r\n	\r\n	public static void main(String[] args){\r\n		Scanner in=new Scanner(System.in);\r\n		int a=in.nextInt();\r\n		int b=in.nextInt();\r\n		System.out.println(a+b);\r\n	}\r\n}','2013-03-09 22:36:34','fe80:0:0:0:8816:c6dc:322f:4ee1','java','24164160','0','rightAnswer',1,8,3,'8'),(15,211,'import java.util.Scanner;\r\n\r\npublic class Main{\r\n	\r\n	public static void main(String[] args){\r\n		Scanner in=new Scanner(System.in);\r\n		int a=in.nextInt();\r\n		int b=in.nextInt();\r\n		System.out.println(a+b);\r\n	}\r\n}','2013-03-09 22:38:59','fe80:0:0:0:8816:c6dc:322f:4ee1','java','26987616','0','rightAnswer',1,14,3,'9'),(16,5,'aaaaa','2013-03-09 22:39:34','fe80:0:0:0:8816:c6dc:322f:4ee1','java','--','--','compileError',1,11,3,'10'),(17,19,'aaaaaaaaaaaaaaaaaaa','2013-03-09 22:39:48','fe80:0:0:0:8816:c6dc:322f:4ee1','java','--','--','compileError',1,11,3,'11'),(18,211,'import java.util.Scanner;\r\n\r\npublic class Main{\r\n	\r\n	public static void main(String[] args){\r\n		Scanner in=new Scanner(System.in);\r\n		int a=in.nextInt();\r\n		int b=in.nextInt();\r\n		System.out.println(a+b);\r\n	}\r\n}','2013-03-09 22:40:02','fe80:0:0:0:8816:c6dc:322f:4ee1','java','19859512','0','rightAnswer',1,11,3,'12'),(19,3,'123','2013-04-07 20:13:06','0:0:0:0:0:0:0:1','java','--','--','compileError',NULL,2,8,'7'),(20,211,'import java.util.Scanner;\r\n\r\npublic class Main{\r\n	\r\n	public static void main(String[] args){\r\n		Scanner in=new Scanner(System.in);\r\n		int a=in.nextInt();\r\n		int b=in.nextInt();\r\n		System.out.println(a+b);\r\n	}\r\n}','2013-04-08 20:59:52','0:0:0:0:0:0:0:1','java','18255784','0','rightAnswer',1,11,8,'13'),(21,8,'bingbing','2013-04-08 21:03:26','0:0:0:0:0:0:0:1','java','--','--','compileError',1,7,8,'14'),(22,6,'adfadf','2013-04-08 21:11:12','0:0:0:0:0:0:0:1','java','--','--','compileError',1,7,7,'15'),(23,11,'agfasdfadsf','2013-04-08 21:11:25','0:0:0:0:0:0:0:1','java','--','--','compileError',1,7,7,'16'),(24,211,'import java.util.Scanner;\r\n\r\npublic class Main{\r\n	\r\n	public static void main(String[] args){\r\n		Scanner in=new Scanner(System.in);\r\n		int a=in.nextInt();\r\n		int b=in.nextInt();\r\n		System.out.println(a+b);\r\n	}\r\n}','2013-04-08 21:12:13','0:0:0:0:0:0:0:1','java','16879536','0','rightAnswer',1,7,7,'17'),(25,211,'import java.util.Scanner;\r\n\r\npublic class Main{\r\n	\r\n	public static void main(String[] args){\r\n		Scanner in=new Scanner(System.in);\r\n		int a=in.nextInt();\r\n		int b=in.nextInt();\r\n		System.out.println(a+b);\r\n	}\r\n}','2013-04-08 21:13:00','0:0:0:0:0:0:0:1','java','17089968','0','rightAnswer',1,11,7,'18'),(26,11,'asdfasdfadf','2013-04-08 21:15:16','0:0:0:0:0:0:0:1','java','--','--','compileError',1,7,4,'19'),(27,18,'public class ninnn','2013-04-08 21:15:43','0:0:0:0:0:0:0:1','java','--','--','compileError',1,7,4,'20'),(28,211,'import java.util.Scanner;\r\n\r\npublic class Main{\r\n	\r\n	public static void main(String[] args){\r\n		Scanner in=new Scanner(System.in);\r\n		int a=in.nextInt();\r\n		int b=in.nextInt();\r\n		System.out.println(a+b);\r\n	}\r\n}','2013-04-08 21:17:42','0:0:0:0:0:0:0:1','java','24606640','0','rightAnswer',1,7,4,'21'),(29,8,'adsfasdf','2013-04-08 21:18:19','0:0:0:0:0:0:0:1','java','--','--','compileError',1,14,4,'22'),(30,211,'import java.util.Scanner;\r\n\r\npublic class Main{\r\n	\r\n	public static void main(String[] args){\r\n		Scanner in=new Scanner(System.in);\r\n		int a=in.nextInt();\r\n		int b=in.nextInt();\r\n		System.out.println(a+b);\r\n	}\r\n}','2013-04-08 21:18:33','0:0:0:0:0:0:0:1','java','25348184','0','rightAnswer',1,14,4,'23'),(31,7,'ASDFADF','2013-04-08 21:32:36','0:0:0:0:0:0:0:1','java','--','--','compileError',NULL,6,4,'8'),(32,14,'ASDFADFADSFADF','2013-04-08 21:33:15','0:0:0:0:0:0:0:1','java','--','--','compileError',NULL,6,4,'9'),(33,40,'http://xl-20121124vfab:8080/JudgeOnline/','2013-04-08 21:33:51','0:0:0:0:0:0:0:1','java','--','--','compileError',NULL,6,4,'10'),(34,211,'import java.util.Scanner;\r\n\r\npublic class Main{\r\n	\r\n	public static void main(String[] args){\r\n		Scanner in=new Scanner(System.in);\r\n		int a=in.nextInt();\r\n		int b=in.nextInt();\r\n		System.out.println(a+b);\r\n	}\r\n}','2013-04-08 21:34:57','0:0:0:0:0:0:0:1','java','--','--','wrongAnswer',NULL,2,4,'11'),(35,6,'adfdsf','2013-04-08 21:35:13','0:0:0:0:0:0:0:1','java','--','--','compileError',NULL,1,4,'12'),(36,211,'import java.util.Scanner;\r\n\r\npublic class Main{\r\n	\r\n	public static void main(String[] args){\r\n		Scanner in=new Scanner(System.in);\r\n		int a=in.nextInt();\r\n		int b=in.nextInt();\r\n		System.out.println(a+b);\r\n	}\r\n}','2013-04-08 21:35:36','0:0:0:0:0:0:0:1','java','20931768','0','rightAnswer',NULL,1,4,'13'),(37,211,'import java.util.Scanner;\r\n\r\npublic class Main{\r\n	\r\n	public static void main(String[] args){\r\n		Scanner in=new Scanner(System.in);\r\n		int a=in.nextInt();\r\n		int b=in.nextInt();\r\n		System.out.println(a+b);\r\n	}\r\n}','2013-04-08 21:36:42','0:0:0:0:0:0:0:1','java','22448272','0','rightAnswer',NULL,1,4,'14'),(38,8,'asdfasdf','2013-04-08 21:40:36','0:0:0:0:0:0:0:1','java','--','--','compileError',NULL,2,4,'15'),(39,237,'import java.util.Scanner;\r\n\r\npublic class Main{\r\n	\r\n	public static void main(String[] args){\r\n		Scanner in=new Scanner(System.in);\r\n		int sum=0,n=in.nextInt();\r\n		for(int i=1;i<=n;i++){\r\n			sum+=i;\r\n		}\r\n		System.out.println(sum);\r\n	}\r\n}','2013-04-08 21:40:51','0:0:0:0:0:0:0:1','java','23507008','0','rightAnswer',NULL,2,4,'16'),(40,238,'import java.util.Scanner;\r\n\r\npublic class Main{\r\n	\r\n	public static void main(String[] args){\r\n		Scanner in=new Scanner(System.in);\r\n		int sum=0,n=in.nextInt();\r\n		for(int i=1;i<=n;i++){\r\n			sum+=i;\r\n		}\r\n		System.out.println(sum);\r\n	}\r\n	}','2013-04-08 21:41:34','0:0:0:0:0:0:0:1','java','23903528','0','rightAnswer',NULL,2,4,'17'),(41,211,'import java.util.Scanner;\r\n\r\npublic class Main{\r\n	\r\n	public static void main(String[] args){\r\n		Scanner in=new Scanner(System.in);\r\n		int a=in.nextInt();\r\n		int b=in.nextInt();\r\n		System.out.println(a+b);\r\n	}\r\n}','2013-04-09 22:47:12','192.168.96.54','java','29936504','0','rightAnswer',1,7,9,'24'),(42,7,'阿斯顿发的说法','2013-04-09 22:48:34','192.168.96.54','java','--','--','compileError',1,11,9,'25'),(43,6,'大方过十多个','2013-04-09 22:48:58','192.168.96.54','java','--','--','compileError',1,11,9,'26'),(44,211,'import java.util.Scanner;\r\n\r\npublic class Main{\r\n	\r\n	public static void main(String[] args){\r\n		Scanner in=new Scanner(System.in);\r\n		int a=in.nextInt();\r\n		int b=in.nextInt();\r\n		System.out.println(a+b);\r\n	}\r\n}','2013-04-09 22:49:07','192.168.96.54','java','22676024','0','rightAnswer',1,11,9,'27'),(45,2,'af','2013-04-09 23:02:20','192.168.96.54','java','--','--','compileError',1,7,9,'28'),(46,9,'本场比赛已经结束！','2013-04-09 23:09:40','192.168.96.54','java','--','--','compileError',1,7,9,'29'),(47,7,'俺的沙发的沙发','2013-04-12 23:12:42','192.168.96.54','java','--','--','compileError',NULL,15,8,'18'),(48,7,'阿斯顿发斯蒂芬','2013-04-12 23:12:48','192.168.96.54','java','--','--','compileError',NULL,6,8,'19'),(49,6,'撒旦法士大夫','2013-04-12 23:13:04','192.168.96.54','java','--','--','compileError',NULL,2,8,'20'),(50,7,'阿斯顿发斯蒂芬','2013-04-12 23:13:38','192.168.96.54','java','--','--','compileError',NULL,1,8,'21'),(51,7,'阿斯顿发斯蒂芬','2013-04-12 23:13:43','192.168.96.54','java','--','--','compileError',NULL,1,8,'22'),(52,4,'阿斯顿发','2013-04-12 23:13:48','192.168.96.54','java','--','--','compileError',NULL,1,8,'23'),(53,211,'import java.util.Scanner;\r\n\r\npublic class Main{\r\n	\r\n	public static void main(String[] args){\r\n		Scanner in=new Scanner(System.in);\r\n		int a=in.nextInt();\r\n		int b=in.nextInt();\r\n		System.out.println(a+b);\r\n	}\r\n}','2013-04-12 23:14:54','192.168.96.54','java','36391848','0','rightAnswer',NULL,1,8,'24'),(54,7,'afdasdf','2013-04-14 20:31:49','0:0:0:0:0:0:0:1','java','--','--','compileError',1,7,3,'30'),(55,8,'asdfasdf','2013-04-14 20:48:05','0:0:0:0:0:0:0:1','java','--','--','compileError',1,7,13,'31'),(56,9,'我也提交一次试题！','2013-04-14 21:59:03','0:0:0:0:0:0:0:1','java','--','--','compileError',1,7,14,'32'),(57,6,'阿斯顿发沙发','2013-04-14 21:59:18','0:0:0:0:0:0:0:1','java','--','--','compileError',1,9,14,'33'),(58,7,'俺的沙发的沙发','2013-04-21 14:20:14','0:0:0:0:0:0:0:1','java','--','--','compileError',NULL,16,8,'25'),(59,283,'import java.util.Scanner;\r\n\r\npublic class Main{\r\n         public static void main(String[] args){\r\n		Scanner in=new Scanner(System.in);\r\n		int n=in.nextInt();\r\n		for(int i=0;i<n;i++){\r\n			for(int j=0;j<n-i;j++){\r\n				System.out.print(\"*\");\r\n			}\r\n			System.out.println();\r\n		}\r\n	}\r\n}','2013-04-21 14:21:17','0:0:0:0:0:0:0:1','java','--','--','wrongAnswer',NULL,16,8,'26'),(60,275,'import java.util.Scanner;\r\n\r\npublic class Main{\r\n	public static void main(String[] args){\r\n		Scanner in=new Scanner(System.in);\r\n		int n=in.nextInt();\r\n		for(int i=1;i<=n;i++){\r\n			for(int j=1;j<=i;j++){\r\n				System.out.print(\"*\");\r\n			}\r\n			System.out.println();\r\n		}\r\n	}\r\n}','2013-04-21 14:24:51','0:0:0:0:0:0:0:1','java','31927288','0','rightAnswer',NULL,16,8,'27'),(61,6,'123123','2013-04-21 14:27:38','0:0:0:0:0:0:0:1','java','--','--','compileError',NULL,17,8,'28'),(62,283,'import java.util.Scanner;\r\n\r\npublic class Main{\r\n         public static void main(String[] args){\r\n		Scanner in=new Scanner(System.in);\r\n		int n=in.nextInt();\r\n		for(int i=0;i<n;i++){\r\n			for(int j=0;j<n-i;j++){\r\n				System.out.print(\"*\");\r\n			}\r\n			System.out.println();\r\n		}\r\n	}\r\n}','2013-04-21 14:28:40','0:0:0:0:0:0:0:1','java','31822832','0','rightAnswer',NULL,17,8,'29'),(63,8,'asdfasdf','2013-04-23 23:14:45','0:0:0:0:0:0:0:1','java','--','--','compileError',NULL,17,7,'30'),(64,11,'dsfasdfsadf','2013-04-23 23:18:01','0:0:0:0:0:0:0:1','java','--','--','compileError',1,7,7,'34'),(65,7,'asdfadf','2013-04-23 23:19:12','0:0:0:0:0:0:0:1','java','--','--','compileError',1,7,7,'35'),(66,7,'asdfsdf','2013-04-23 23:20:36','0:0:0:0:0:0:0:1','java','--','--','compileError',1,7,7,'36'),(67,3,'dds','2013-04-23 23:30:12','0:0:0:0:0:0:0:1','java','--','--','compileError',1,9,7,'37'),(68,8,'dasfadsf','2013-04-23 23:31:22','0:0:0:0:0:0:0:1','java','--','--','compileError',1,7,7,'38'),(69,4,'adsf','2013-04-24 00:41:59','0:0:0:0:0:0:0:1','java','--','--','compileError',NULL,16,8,'31'),(70,8,'asdfasdf','2013-04-24 00:44:55','0:0:0:0:0:0:0:1','java','--','--','compileError',NULL,16,8,'32'),(71,4,'adsf','2013-04-24 00:57:08','0:0:0:0:0:0:0:1','java','--','--','compileError',NULL,3,8,'33'),(72,8,'adsfasdf','2013-04-24 00:57:43','0:0:0:0:0:0:0:1','java','--','--','compileError',NULL,1,15,'34'),(73,12,'asdfasdfafds','2013-04-24 00:57:55','0:0:0:0:0:0:0:1','java','--','--','compileError',NULL,2,15,'35'),(74,211,'import java.util.Scanner;\r\n\r\npublic class Main{\r\n	\r\n	public static void main(String[] args){\r\n		Scanner in=new Scanner(System.in);\r\n		int a=in.nextInt();\r\n		int b=in.nextInt();\r\n		System.out.println(a+b);\r\n	}\r\n}','2013-04-24 00:59:23','0:0:0:0:0:0:0:1','java','20148528','0','rightAnswer',NULL,1,15,'36'),(75,8,'asdfasdf','2013-04-24 01:01:51','0:0:0:0:0:0:0:1','java','--','--','compileError',1,7,15,'39'),(76,12,'asdfasdfsadf','2013-04-24 01:03:20','0:0:0:0:0:0:0:1','java','--','--','compileError',1,8,15,'40'),(77,211,'import java.util.Scanner;\r\n\r\npublic class Main{\r\n	\r\n	public static void main(String[] args){\r\n		Scanner in=new Scanner(System.in);\r\n		int a=in.nextInt();\r\n		int b=in.nextInt();\r\n		System.out.println(a+b);\r\n	}\r\n}','2013-04-24 01:04:10','0:0:0:0:0:0:0:1','java','35013040','0','rightAnswer',1,7,15,'41'),(78,8,'adsfasdf','2013-04-24 01:08:02','0:0:0:0:0:0:0:1','java','--','--','compileError',NULL,1,2,'37'),(79,12,'adsfasdfasdf','2013-04-24 01:08:08','0:0:0:0:0:0:0:1','java','--','--','compileError',NULL,1,2,'38'),(80,12,'asdfasdfasdf','2013-04-24 01:08:12','0:0:0:0:0:0:0:1','java','--','--','compileError',NULL,2,2,'39'),(81,12,'asdfasdfasdf','2013-04-24 01:08:17','0:0:0:0:0:0:0:1','java','--','--','compileError',NULL,3,2,'40'),(82,211,'import java.util.Scanner;\r\n\r\npublic class Main{\r\n	\r\n	public static void main(String[] args){\r\n		Scanner in=new Scanner(System.in);\r\n		int a=in.nextInt();\r\n		int b=in.nextInt();\r\n		System.out.println(a+b);\r\n	}\r\n}','2013-04-24 01:09:02','0:0:0:0:0:0:0:1','java','21869536','0','rightAnswer',NULL,1,2,'41'),(83,12,'adsfasdfasdf','2013-04-24 01:10:06','0:0:0:0:0:0:0:1','java','--','--','compileError',1,11,2,'42'),(84,12,'asdfasdfasdf','2013-04-24 01:10:13','0:0:0:0:0:0:0:1','java','--','--','compileError',1,14,2,'43'),(85,211,'import java.util.Scanner;\r\n\r\npublic class Main{\r\n	\r\n	public static void main(String[] args){\r\n		Scanner in=new Scanner(System.in);\r\n		int a=in.nextInt();\r\n		int b=in.nextInt();\r\n		System.out.println(a+b);\r\n	}\r\n}','2013-04-24 01:12:15','0:0:0:0:0:0:0:1','java','--','--','wrongAnswer',1,14,2,'44'),(86,211,'import java.util.Scanner;\r\n\r\npublic class Main{\r\n	\r\n	public static void main(String[] args){\r\n		Scanner in=new Scanner(System.in);\r\n		int a=in.nextInt();\r\n		int b=in.nextInt();\r\n		System.out.println(a+b);\r\n	}\r\n}','2013-04-24 01:12:49','0:0:0:0:0:0:0:1','java','24183752','0','rightAnswer',1,7,2,'45'),(87,8,'asdfasdf','2013-04-24 01:17:52','0:0:0:0:0:0:0:1','java','--','--','compileError',NULL,17,3,'42'),(88,8,'asdfasdf','2013-04-24 01:17:57','0:0:0:0:0:0:0:1','java','--','--','compileError',NULL,16,3,'43'),(89,12,'asdfasdfadsf','2013-04-24 01:18:03','0:0:0:0:0:0:0:1','java','--','--','compileError',NULL,2,3,'44'),(90,8,'asdfasdf','2013-04-24 01:18:08','0:0:0:0:0:0:0:1','java','--','--','compileError',NULL,1,3,'45'),(91,40,'http://xl-20121124vfab:8080/JudgeOnline/','2013-04-24 01:18:13','0:0:0:0:0:0:0:1','java','--','--','compileError',NULL,1,3,'46'),(92,211,'import java.util.Scanner;\r\n\r\npublic class Main{\r\n	\r\n	public static void main(String[] args){\r\n		Scanner in=new Scanner(System.in);\r\n		int a=in.nextInt();\r\n		int b=in.nextInt();\r\n		System.out.println(a+b);\r\n	}\r\n}','2013-04-24 01:18:48','0:0:0:0:0:0:0:1','java','20744376','0','rightAnswer',NULL,1,3,'47'),(93,8,'asdfsafd','2013-04-24 20:23:31','192.168.96.54','java','--','--','compileError',NULL,1,9,'48'),(94,8,'adsfadsf','2013-04-24 20:23:41','192.168.96.54','java','--','--','compileError',NULL,17,9,'49'),(95,7,'阿斯顿发得分是','2013-04-24 20:30:16','192.168.96.54','java','--','--','compileError',4,18,9,'1'),(96,8,'asdfasdf','2013-04-24 21:18:28','192.168.96.54','java','--','--','compileError',NULL,17,8,'50'),(97,8,'asdfasdf','2013-04-24 21:19:01','192.168.96.54','java','--','--','compileError',NULL,2,8,'51'),(98,8,'asdfasdf','2013-04-24 21:19:31','192.168.96.54','java','--','--','compileError',4,18,8,'2'),(99,8,'asdfasdf','2013-04-24 21:19:41','192.168.96.54','java','--','--','compileError',4,18,8,'3'),(100,12,'asdfasdfasdf','2013-04-24 21:19:46','192.168.96.54','java','--','--','compileError',4,18,8,'4'),(101,7,'asdfasf','2013-04-24 21:24:19','192.168.96.54','java','--','--','compileError',1,7,8,'46'),(102,9,'sdfasdfaf','2013-04-24 21:32:01','192.168.96.54','java','--','--','compileError',1,12,8,'47'),(103,10,'afasdfasdf','2013-04-24 21:32:16','192.168.96.54','java','--','--','compileError',NULL,1,8,'52'),(104,18,'sddddddddddddddddd','2013-04-24 21:39:02','192.168.96.1','java','--','--','compileError',NULL,17,16,'53'),(105,19,'1111111111111111111','2013-04-29 12:02:04','0:0:0:0:0:0:0:1','java','--','--','compileError',NULL,1,4,'54'),(106,211,'import java.util.Scanner;\r\n\r\npublic class Main{\r\n	\r\n	public static void main(String[] args){\r\n		Scanner in=new Scanner(System.in);\r\n		int a=in.nextInt();\r\n		int b=in.nextInt();\r\n		System.out.println(a+b);\r\n	}\r\n}','2013-04-29 12:02:23','0:0:0:0:0:0:0:1','java','61629088','0','rightAnswer',NULL,1,4,'55'),(107,8,'asdfasdf','2013-04-30 18:17:48','0:0:0:0:0:0:0:1','java','--','--','compileError',NULL,4,3,'56'),(108,8,'asdfasdf','2013-04-30 18:22:24','0:0:0:0:0:0:0:1','java','--','--','compileError',NULL,1,10,'57'),(109,8,'sadfadsf','2013-04-30 18:22:28','0:0:0:0:0:0:0:1','java','--','--','compileError',NULL,1,10,'58'),(110,4,'asdf','2013-04-30 18:22:33','0:0:0:0:0:0:0:1','java','--','--','compileError',NULL,2,10,'59'),(111,6,'asdfad','2013-04-30 18:22:37','0:0:0:0:0:0:0:1','java','--','--','compileError',NULL,4,10,'60'),(112,8,'asdfasdf','2013-04-30 18:22:44','0:0:0:0:0:0:0:1','java','--','--','compileError',NULL,6,10,'61'),(113,9,'asdfasdfa','2013-04-30 18:22:48','0:0:0:0:0:0:0:1','java','--','--','compileError',NULL,15,10,'62'),(114,13,'fasdfasdfasdf','2013-04-30 18:22:56','0:0:0:0:0:0:0:1','java','--','--','compileError',NULL,15,10,'63'),(115,3,'rwe','2013-05-01 20:50:40','fe80:0:0:0:a135:3a87:170c:76f6','java','--','--','compileError',NULL,17,17,'64'),(116,90,'public class 121(){\r\npublic static void main(String[] args){\r\nSystem.out.println(5);\r\n}\r\n}','2013-05-01 20:54:00','fe80:0:0:0:a135:3a87:170c:76f6','java','--','--','compileError',NULL,1,17,'65'),(117,89,'public class Main{\r\npublic static void main(String[] args){\r\nSystem.out.println(5);\r\n}\r\n}','2013-05-01 20:55:19','fe80:0:0:0:a135:3a87:170c:76f6','java','--','--','wrongAnswer',NULL,1,17,'66'),(118,2,'不会','2013-05-15 17:10:12','fe80:0:0:0:8816:c6dc:322f:4ee1','c','--','--','compileError',NULL,6,19,'67'),(119,16,'sdfgsdfgsdfgsdfg','2013-05-16 09:17:55','0:0:0:0:0:0:0:1','java','--','--','compileError',NULL,1,8,'68'),(120,211,'import java.util.Scanner;\r\n\r\npublic class Main{\r\n	\r\n	public static void main(String[] args){\r\n		Scanner in=new Scanner(System.in);\r\n		int a=in.nextInt();\r\n		int b=in.nextInt();\r\n		System.out.println(a+b);\r\n	}\r\n}','2013-05-16 17:06:01','0:0:0:0:0:0:0:1','java','25249912','0','rightAnswer',NULL,1,8,'69'),(121,376,'import java.util.Scanner;\r\n\r\npublic class Main{\r\n	\r\n	public static void main(String[] args){\r\n		Scanner in=new Scanner(System.in);\r\n		int n,sum=0;\r\n		int[] cmt=new int[50];\r\n		n=in.nextInt();\r\n		for(int i=0;i<n;i++){\r\n			sum=0;\r\n			for(int j=0;j<5;j++){\r\n				sum=sum+in.nextInt();\r\n			}\r\n			cmt[i]=sum;\r\n		}\r\n		for(int i=0;i<n;i++){\r\n			System.out.println(cmt[i]);\r\n		}\r\n	}\r\n}','2013-05-17 13:38:36','0:0:0:0:0:0:0:1','java','35794336','0','rightAnswer',NULL,65,8,'70'),(122,7,'sadfadf','2013-05-17 13:49:47','0:0:0:0:0:0:0:1','java','--','--','compileError',NULL,65,1,'71'),(123,433,'#include<stdio.h>\r\nint main(void){\r\n    int i=0,j=0,m,n,sum=0;\r\n    int cmt[50];\r\n    scanf(\"%d\\n\",&n);\r\n    for(i=0;i<n;i++){\r\n        sum=0;\r\n        for(j=0;j<5;j++){\r\n            scanf(\"%d\",&m);           \r\n            sum=sum+m;                 \r\n        } \r\n        cmt[i]=sum;                \r\n    }\r\n    for(i=0;i<n;i++){\r\n        printf(\"%d\\n\",cmt[i]);                 \r\n    }\r\n    \r\n    //system(\"pause\");\r\n    return 0;\r\n}','2013-05-17 13:50:38','0:0:0:0:0:0:0:1','c','43383864','0','rightAnswer',NULL,65,1,'72'),(124,120,'<html>\r\n<head></head>\r\n\r\n<body>\r\n<script type=\"text/javasript\">\r\nalert(\"================\");\r\n</script>\r\n</body>\r\n</html>','2013-05-17 14:00:34','0:0:0:0:0:0:0:1','java','--','--','compileError',NULL,65,1,'73'),(125,65,'#include \"stdio.h\"\r\nvoid main()\r\n{\r\n   printf(\"hello world!\");\r\n}','2013-05-18 11:56:45','0:0:0:0:0:0:0:1','c','--','--','wrongAnswer',NULL,1,8,'74'),(126,376,'import java.util.Scanner;\r\n\r\npublic class Main{\r\n	\r\n	public static void main(String[] args){\r\n		Scanner in=new Scanner(System.in);\r\n		int n,sum=0;\r\n		int[] cmt=new int[50];\r\n		n=in.nextInt();\r\n		for(int i=0;i<n;i++){\r\n			sum=0;\r\n			for(int j=0;j<5;j++){\r\n				sum=sum+in.nextInt();\r\n			}\r\n			cmt[i]=sum;\r\n		}\r\n		for(int i=0;i<n;i++){\r\n			System.out.println(cmt[i]);\r\n		}\r\n	}\r\n}','2013-05-18 11:58:14','0:0:0:0:0:0:0:1','java','20029800','0','rightAnswer',NULL,65,8,'75'),(127,7,'adfsdfs','2013-05-20 22:39:42','0:0:0:0:0:0:0:1','java','--','--','compileError',NULL,1,19,'76'),(128,211,'import java.util.Scanner;\r\n\r\npublic class Main{\r\n	\r\n	public static void main(String[] args){\r\n		Scanner in=new Scanner(System.in);\r\n		int a=in.nextInt();\r\n		int b=in.nextInt();\r\n		System.out.println(a+b);\r\n	}\r\n}','2013-05-20 22:40:11','0:0:0:0:0:0:0:1','java','29995440','0','rightAnswer',NULL,1,19,'77'),(129,211,'import java.util.Scanner;\r\n\r\npublic class Main{\r\n	\r\n	public static void main(String[] args){\r\n		Scanner in=new Scanner(System.in);\r\n		int a=in.nextInt();\r\n		int b=in.nextInt();\r\n		System.out.println(a+b);\r\n	}\r\n}','2013-05-20 23:11:51','0:0:0:0:0:0:0:1','java','0','0','rightAnswer',NULL,1,19,'78'),(130,295,'import java.util.Scanner;\r\n\r\npublic class Main{\r\n	\r\n	public static void main(String[] args){\r\n		Scanner in=new Scanner(System.in);\r\n		int a=in.nextInt();\r\n		int b=in.nextInt();\r\n                  for(int i=0;i<1000000000;i++){\r\n			System.out.println(\"=\");\r\n		}\r\n		System.out.println(a+b);\r\n	}\r\n}','2013-05-20 23:33:30','0:0:0:0:0:0:0:1','java','--','--','timeOut',NULL,1,19,'79'),(131,293,'import java.util.Scanner;\r\n\r\npublic class Main{\r\n	\r\n	public static void main(String[] args){\r\n		Scanner in=new Scanner(System.in);\r\n		int a=in.nextInt();\r\n		int b=in.nextInt();\r\n                  for(int i=0;i<10000000;i++){\r\n			System.out.println(\"=\");\r\n		}\r\n		System.out.println(a+b);\r\n	}\r\n}','2013-05-20 23:34:41','0:0:0:0:0:0:0:1','java','--','--','timeOut',NULL,1,19,'80'),(132,291,'import java.util.Scanner;\r\n\r\npublic class Main{\r\n	\r\n	public static void main(String[] args){\r\n		Scanner in=new Scanner(System.in);\r\n		int a=in.nextInt();\r\n		int b=in.nextInt();\r\n                  for(int i=0;i<100000;i++){\r\n			System.out.println(\"=\");\r\n		}\r\n		System.out.println(a+b);\r\n	}\r\n}','2013-05-20 23:35:14','0:0:0:0:0:0:0:1','java','--','--','timeOut',NULL,1,19,'81'),(133,258,'import java.util.Scanner;\r\n\r\npublic class Main{\r\n	\r\n	public static void main(String[] args){\r\n		Scanner in=new Scanner(System.in);\r\n		int a=in.nextInt();\r\n		int b=in.nextInt();\r\n                  for(int i=0;i<100000;i++){}\r\n		System.out.println(a+b);\r\n	}\r\n}','2013-05-20 23:36:17','0:0:0:0:0:0:0:1','java','0','0','rightAnswer',NULL,1,19,'82'),(134,266,'import java.util.Scanner;\r\n\r\npublic class Main{\r\n	\r\n	public static void main(String[] args){\r\n		Scanner in=new Scanner(System.in);\r\n		int a=in.nextInt();\r\n		int b=in.nextInt();\r\n                  for(int i=0;i<1000000000;i++){\r\n		}\r\n		System.out.println(a+b);\r\n	}\r\n}','2013-05-20 23:37:08','0:0:0:0:0:0:0:1','java','--','--','timeOut',NULL,1,19,'83'),(135,264,'import java.util.Scanner;\r\n\r\npublic class Main{\r\n	\r\n	public static void main(String[] args){\r\n		Scanner in=new Scanner(System.in);\r\n		int a=in.nextInt();\r\n		int b=in.nextInt();\r\n                  for(int i=0;i<1000000000;i++){		}\r\n		System.out.println(a+b);\r\n	}\r\n}','2013-05-20 23:38:13','0:0:0:0:0:0:0:1','java','--','--','timeOut',NULL,1,19,'84'),(136,262,'import java.util.Scanner;\r\n\r\npublic class Main{\r\n	\r\n	public static void main(String[] args){\r\n		Scanner in=new Scanner(System.in);\r\n		int a=in.nextInt();\r\n		int b=in.nextInt();\r\n                  for(int i=0;i<10000000;i++){		}\r\n		System.out.println(a+b);\r\n	}\r\n}','2013-05-20 23:38:51','0:0:0:0:0:0:0:1','java','0','0','rightAnswer',NULL,1,19,'85'),(137,263,'import java.util.Scanner;\r\n\r\npublic class Main{\r\n	\r\n	public static void main(String[] args){\r\n		Scanner in=new Scanner(System.in);\r\n		int a=in.nextInt();\r\n		int b=in.nextInt();\r\n                  for(int i=0;i<100000000;i++){		}\r\n		System.out.println(a+b);\r\n	}\r\n}','2013-05-20 23:39:40','0:0:0:0:0:0:0:1','java','0','0','rightAnswer',NULL,1,19,'86'),(138,264,'import java.util.Scanner;\r\n\r\npublic class Main{\r\n	\r\n	public static void main(String[] args){\r\n		Scanner in=new Scanner(System.in);\r\n		int a=in.nextInt();\r\n		int b=in.nextInt();\r\n                  for(int i=0;i<1000000000;i++){		}\r\n		System.out.println(a+b);\r\n	}\r\n}','2013-05-20 23:40:05','0:0:0:0:0:0:0:1','java','--','--','timeOut',NULL,1,19,'87'),(139,306,'import java.util.Scanner;\r\n\r\npublic class Main{\r\n	\r\n	public static void main(String[] args){\r\n		Scanner in=new Scanner(System.in);\r\n		int a=in.nextInt();\r\n		int b=in.nextInt();\r\n                  String str=\"\";\r\n                  for(int i=0;i<1000000000;i++){str=str+i;}\r\n		System.out.println(a+b);\r\n	}\r\n}','2013-05-20 23:42:15','0:0:0:0:0:0:0:1','java','--','--','timeOut',NULL,1,19,'88'),(140,305,'import java.util.Scanner;\r\n\r\npublic class Main{\r\n	\r\n	public static void main(String[] args){\r\n		Scanner in=new Scanner(System.in);\r\n		int a=in.nextInt();\r\n		int b=in.nextInt();\r\n                  String str=\"\";\r\n                  for(int i=0;i<100000000;i++){str=str+i;}\r\n		System.out.println(a+b);\r\n	}\r\n}','2013-05-20 23:43:33','0:0:0:0:0:0:0:1','java','--','--','timeOut',NULL,1,19,'89'),(141,304,'import java.util.Scanner;\r\n\r\npublic class Main{\r\n	\r\n	public static void main(String[] args){\r\n		Scanner in=new Scanner(System.in);\r\n		int a=in.nextInt();\r\n		int b=in.nextInt();\r\n                  String str=\"\";\r\n                  for(int i=0;i<10000000;i++){str=str+i;}\r\n		System.out.println(a+b);\r\n	}\r\n}','2013-05-20 23:43:54','0:0:0:0:0:0:0:1','java','--','--','timeOut',NULL,1,19,'90'),(142,302,'import java.util.Scanner;\r\n\r\npublic class Main{\r\n	\r\n	public static void main(String[] args){\r\n		Scanner in=new Scanner(System.in);\r\n		int a=in.nextInt();\r\n		int b=in.nextInt();\r\n                  String str=\"\";\r\n                  for(int i=0;i<100000;i++){str=str+i;}\r\n		System.out.println(a+b);\r\n	}\r\n}','2013-05-20 23:44:25','0:0:0:0:0:0:0:1','java','--','--','timeOut',NULL,1,19,'91'),(143,301,'import java.util.Scanner;\r\n\r\npublic class Main{\r\n	\r\n	public static void main(String[] args){\r\n		Scanner in=new Scanner(System.in);\r\n		int a=in.nextInt();\r\n		int b=in.nextInt();\r\n                  String str=\"\";\r\n                  for(int i=0;i<10000;i++){str=str+i;}\r\n		System.out.println(a+b);\r\n	}\r\n}','2013-05-20 23:44:56','0:0:0:0:0:0:0:1','java','--','--','wrongAnswer',NULL,1,19,'92'),(144,301,'import java.util.Scanner;\r\n\r\npublic class Main{\r\n	\r\n	public static void main(String[] args){\r\n		Scanner in=new Scanner(System.in);\r\n		int a=in.nextInt();\r\n		int b=in.nextInt();\r\n                  String str=\"\";\r\n                  for(int i=0;i<10000;i++){str=str+i;}\r\n		System.out.println(a+b);\r\n	}\r\n}','2013-05-20 23:47:43','0:0:0:0:0:0:0:1','java','--','--','timeOut',NULL,1,19,'93'),(145,301,'import java.util.Scanner;\r\n\r\npublic class Main{\r\n	\r\n	public static void main(String[] args){\r\n		Scanner in=new Scanner(System.in);\r\n		int a=in.nextInt();\r\n		int b=in.nextInt();\r\n                  String str=\"\";\r\n                  for(int i=0;i<10000;i++){str=str+i;}\r\n		System.out.println(a+b);\r\n	}\r\n}','2013-05-20 23:50:29','0:0:0:0:0:0:0:1','java','--','--','memoryOut',NULL,1,19,'94'),(146,301,'import java.util.Scanner;\r\n\r\npublic class Main{\r\n	\r\n	public static void main(String[] args){\r\n		Scanner in=new Scanner(System.in);\r\n		int a=in.nextInt();\r\n		int b=in.nextInt();\r\n                  String str=\"\";\r\n                  for(int i=0;i<10000;i++){str=str+i;}\r\n		System.out.println(a+b);\r\n	}\r\n}','2013-05-20 23:51:56','0:0:0:0:0:0:0:1','java','--','--','wrongAnswer',NULL,1,19,'95'),(147,301,'import java.util.Scanner;\r\n\r\npublic class Main{\r\n	\r\n	public static void main(String[] args){\r\n		Scanner in=new Scanner(System.in);\r\n		int a=in.nextInt();\r\n		int b=in.nextInt();\r\n                  String str=\"\";\r\n                  for(int i=0;i<10000;i++){str=str+i;}\r\n		System.out.println(a+b);\r\n	}\r\n}','2013-05-20 23:52:48','0:0:0:0:0:0:0:1','java','--','--','wrongAnswer',NULL,1,19,'96'),(148,301,'import java.util.Scanner;\r\n\r\npublic class Main{\r\n	\r\n	public static void main(String[] args){\r\n		Scanner in=new Scanner(System.in);\r\n		int a=in.nextInt();\r\n		int b=in.nextInt();\r\n                  String str=\"\";\r\n                  for(int i=0;i<10000;i++){str=str+i;}\r\n		System.out.println(a+b);\r\n	}\r\n}','2013-05-20 23:54:46','0:0:0:0:0:0:0:1','java','25688','2000','rightAnswer',NULL,1,19,'97'),(149,301,'import java.util.Scanner;\r\n\r\npublic class Main{\r\n	\r\n	public static void main(String[] args){\r\n		Scanner in=new Scanner(System.in);\r\n		int a=in.nextInt();\r\n		int b=in.nextInt();\r\n                  String str=\"\";\r\n                  for(int i=0;i<10000;i++){str=str+i;}\r\n		System.out.println(a+b);\r\n	}\r\n}','2013-05-20 23:56:54','0:0:0:0:0:0:0:1','java','39208','2000','rightAnswer',NULL,1,19,'98'),(150,301,'import java.util.Scanner;\r\n\r\npublic class Main{\r\n	\r\n	public static void main(String[] args){\r\n		Scanner in=new Scanner(System.in);\r\n		int a=in.nextInt();\r\n		int b=in.nextInt();\r\n                  String str=\"\";\r\n                  for(int i=0;i<10000;i++){str=str+i;}\r\n		System.out.println(a+b);\r\n	}\r\n}','2013-05-20 23:57:43','0:0:0:0:0:0:0:1','java','33728','1000','rightAnswer',NULL,1,19,'99'),(151,301,'import java.util.Scanner;\r\n\r\npublic class Main{\r\n	\r\n	public static void main(String[] args){\r\n		Scanner in=new Scanner(System.in);\r\n		int a=in.nextInt();\r\n		int b=in.nextInt();\r\n                  String str=\"\";\r\n                  for(int i=0;i<10000;i++){str=str+i;}\r\n		System.out.println(a+b);\r\n	}\r\n}','2013-05-20 23:58:46','0:0:0:0:0:0:0:1','java','17480','1000','rightAnswer',NULL,1,19,'100'),(152,301,'import java.util.Scanner;\r\n\r\npublic class Main{\r\n	\r\n	public static void main(String[] args){\r\n		Scanner in=new Scanner(System.in);\r\n		int a=in.nextInt();\r\n		int b=in.nextInt();\r\n                  String str=\"\";\r\n                  for(int i=0;i<10000;i++){str=str+i;}\r\n		System.out.println(a+b);\r\n	}\r\n}','2013-05-20 23:59:54','0:0:0:0:0:0:0:1','java','--','--','timeOut',NULL,1,19,'101'),(153,301,'import java.util.Scanner;\r\n\r\npublic class Main{\r\n	\r\n	public static void main(String[] args){\r\n		Scanner in=new Scanner(System.in);\r\n		int a=in.nextInt();\r\n		int b=in.nextInt();\r\n                  String str=\"\";\r\n                  for(int i=0;i<10000;i++){str=str+i;}\r\n		System.out.println(a+b);\r\n	}\r\n}','2013-05-21 00:00:33','0:0:0:0:0:0:0:1','java','29952','1000','rightAnswer',NULL,1,19,'102'),(154,298,'import java.util.Scanner;\r\n\r\npublic class Main{\r\n	\r\n	public static void main(String[] args){\r\n		Scanner in=new Scanner(System.in);\r\n		int a=in.nextInt();\r\n		int b=in.nextInt();\r\n                  String str=\"\";\r\n                  for(int i=0;i<19871;i++){str=str+i;}\r\n		System.out.println(a+b);\r\n	}','2013-05-21 19:02:18','0:0:0:0:0:0:0:1','java','--','--','compileError',NULL,1,8,'103'),(155,301,'import java.util.Scanner;\r\n\r\npublic class Main{\r\n	\r\n	public static void main(String[] args){\r\n		Scanner in=new Scanner(System.in);\r\n		int a=in.nextInt();\r\n		int b=in.nextInt();\r\n                  String str=\"\";\r\n                  for(int i=0;i<19854;i++){str=str+i;}\r\n		System.out.println(a+b);\r\n	}\r\n}','2013-05-21 19:03:11','0:0:0:0:0:0:0:1','java','--','--','timeOut',NULL,1,8,'104'),(156,301,'import java.util.Scanner;\r\n\r\npublic class Main{\r\n	\r\n	public static void main(String[] args){\r\n		Scanner in=new Scanner(System.in);\r\n		int a=in.nextInt();\r\n		int b=in.nextInt();\r\n                  String str=\"\";\r\n                  for(int i=0;i<18000;i++){str=str+i;}\r\n		System.out.println(a+b);\r\n	}\r\n}','2013-05-21 19:03:45','0:0:0:0:0:0:0:1','java','--','--','timeOut',NULL,1,8,'105'),(157,300,'import java.util.Scanner;\r\n\r\npublic class Main{\r\n	\r\n	public static void main(String[] args){\r\n		Scanner in=new Scanner(System.in);\r\n		int a=in.nextInt();\r\n		int b=in.nextInt();\r\n                  String str=\"\";\r\n                  for(int i=0;i<8770;i++){str=str+i;}\r\n		System.out.println(a+b);\r\n	}\r\n}','2013-05-21 19:04:10','0:0:0:0:0:0:0:1','java','--','--','timeOut',NULL,1,8,'106'),(158,300,'import java.util.Scanner;\r\n\r\npublic class Main{\r\n	\r\n	public static void main(String[] args){\r\n		Scanner in=new Scanner(System.in);\r\n		int a=in.nextInt();\r\n		int b=in.nextInt();\r\n                  String str=\"\";\r\n                  for(int i=0;i<4070;i++){str=str+i;}\r\n		System.out.println(a+b);\r\n	}\r\n}','2013-05-21 19:04:51','0:0:0:0:0:0:0:1','java','0','0','rightAnswer',NULL,1,8,'107'),(159,301,'import java.util.Scanner;\r\n\r\npublic class Main{\r\n	\r\n	public static void main(String[] args){\r\n		Scanner in=new Scanner(System.in);\r\n		int a=in.nextInt();\r\n		int b=in.nextInt();\r\n                  String str=\"\";\r\n                  for(int i=0;i<10000;i++){str=str+i;}\r\n		System.out.println(a+b);\r\n	}\r\n}','2013-05-21 19:05:31','0:0:0:0:0:0:0:1','java','--','--','timeOut',NULL,1,8,'108'),(160,300,'import java.util.Scanner;\r\n\r\npublic class Main{\r\n	\r\n	public static void main(String[] args){\r\n		Scanner in=new Scanner(System.in);\r\n		int a=in.nextInt();\r\n		int b=in.nextInt();\r\n                  String str=\"\";\r\n                  for(int i=0;i<9000;i++){str=str+i;}\r\n		System.out.println(a+b);\r\n	}\r\n}','2013-05-21 19:05:49','0:0:0:0:0:0:0:1','java','--','--','timeOut',NULL,1,8,'109'),(161,300,'import java.util.Scanner;\r\n\r\npublic class Main{\r\n	\r\n	public static void main(String[] args){\r\n		Scanner in=new Scanner(System.in);\r\n		int a=in.nextInt();\r\n		int b=in.nextInt();\r\n                  String str=\"\";\r\n                  for(int i=0;i<9770;i++){str=str+i;}\r\n		System.out.println(a+b);\r\n	}\r\n}','2013-05-21 19:06:18','0:0:0:0:0:0:0:1','java','--','--','timeOut',NULL,1,8,'110'),(162,300,'import java.util.Scanner;\r\n\r\npublic class Main{\r\n	\r\n	public static void main(String[] args){\r\n		Scanner in=new Scanner(System.in);\r\n		int a=in.nextInt();\r\n		int b=in.nextInt();\r\n                  String str=\"\";\r\n                  for(int i=0;i<9000;i++){str=str+i;}\r\n		System.out.println(a+b);\r\n	}\r\n}','2013-05-21 19:06:43','0:0:0:0:0:0:0:1','java','--','--','timeOut',NULL,1,8,'111'),(163,300,'import java.util.Scanner;\r\n\r\npublic class Main{\r\n	\r\n	public static void main(String[] args){\r\n		Scanner in=new Scanner(System.in);\r\n		int a=in.nextInt();\r\n		int b=in.nextInt();\r\n                  String str=\"\";\r\n                  for(int i=0;i<5000;i++){str=str+i;}\r\n		System.out.println(a+b);\r\n	}\r\n}','2013-05-21 19:07:21','0:0:0:0:0:0:0:1','java','0','0','rightAnswer',NULL,1,8,'112'),(164,300,'import java.util.Scanner;\r\n\r\npublic class Main{\r\n	\r\n	public static void main(String[] args){\r\n		Scanner in=new Scanner(System.in);\r\n		int a=in.nextInt();\r\n		int b=in.nextInt();\r\n                  String str=\"\";\r\n                  for(int i=0;i<7000;i++){str=str+i;}\r\n		System.out.println(a+b);\r\n	}\r\n}','2013-05-21 19:07:49','0:0:0:0:0:0:0:1','java','12472','1000','rightAnswer',NULL,1,8,'113'),(165,300,'import java.util.Scanner;\r\n\r\npublic class Main{\r\n	\r\n	public static void main(String[] args){\r\n		Scanner in=new Scanner(System.in);\r\n		int a=in.nextInt();\r\n		int b=in.nextInt();\r\n                  String str=\"\";\r\n                  for(int i=0;i<6590;i++){str=str+i;}\r\n		System.out.println(a+b);\r\n	}\r\n}','2013-05-21 19:08:37','0:0:0:0:0:0:0:1','java','42368','1000','rightAnswer',NULL,1,8,'114'),(166,301,'import java.util.Scanner;\r\n\r\npublic class Main{\r\n	\r\n	public static void main(String[] args){\r\n		Scanner in=new Scanner(System.in);\r\n		int a=in.nextInt();\r\n		int b=in.nextInt();\r\n                  String str=\"\";\r\n                  for(int i=0;i<50000;i++){str=str+i;}\r\n		System.out.println(a+b);\r\n	}\r\n}','2013-05-21 19:10:27','0:0:0:0:0:0:0:1','java','--','--','timeOut',NULL,1,8,'115'),(167,301,'import java.util.Scanner;\r\n\r\npublic class Main{\r\n	\r\n	public static void main(String[] args){\r\n		Scanner in=new Scanner(System.in);\r\n		int a=in.nextInt();\r\n		int b=in.nextInt();\r\n                  String str=\"\";\r\n                  for(int i=0;i<30000;i++){str=str+i;}\r\n		System.out.println(a+b);\r\n	}\r\n}','2013-05-21 19:11:14','0:0:0:0:0:0:0:1','java','--','--','timeOut',NULL,1,8,'116'),(168,301,'import java.util.Scanner;\r\n\r\npublic class Main{\r\n	\r\n	public static void main(String[] args){\r\n		Scanner in=new Scanner(System.in);\r\n		int a=in.nextInt();\r\n		int b=in.nextInt();\r\n                  String str=\"\";\r\n                  for(int i=0;i<10000;i++){str=str+i;}\r\n		System.out.println(a+b);\r\n	}\r\n}','2013-05-21 19:11:36','0:0:0:0:0:0:0:1','java','23608','3000','rightAnswer',NULL,1,8,'117'),(169,301,'import java.util.Scanner;\r\n\r\npublic class Main{\r\n	\r\n	public static void main(String[] args){\r\n		Scanner in=new Scanner(System.in);\r\n		int a=in.nextInt();\r\n		int b=in.nextInt();\r\n                  String str=\"\";\r\n                  for(int i=0;i<52670;i++){str=str+i;}\r\n		System.out.println(a+b);\r\n	}\r\n}','2013-05-21 19:12:21','0:0:0:0:0:0:0:1','java','--','--','timeOut',NULL,1,8,'118'),(170,301,'import java.util.Scanner;\r\n\r\npublic class Main{\r\n	\r\n	public static void main(String[] args){\r\n		Scanner in=new Scanner(System.in);\r\n		int a=in.nextInt();\r\n		int b=in.nextInt();\r\n                  String str=\"\";\r\n                  for(int i=0;i<42670;i++){str=str+i;}\r\n		System.out.println(a+b);\r\n	}\r\n}','2013-05-21 19:12:56','0:0:0:0:0:0:0:1','java','--','--','timeOut',NULL,1,8,'119'),(171,301,'import java.util.Scanner;\r\n\r\npublic class Main{\r\n	\r\n	public static void main(String[] args){\r\n		Scanner in=new Scanner(System.in);\r\n		int a=in.nextInt();\r\n		int b=in.nextInt();\r\n                  String str=\"\";\r\n                  for(int i=0;i<10000;i++){str=str+i;}\r\n		System.out.println(a+b);\r\n	}\r\n}','2013-05-21 19:13:59','0:0:0:0:0:0:0:1','java','20680','3000','rightAnswer',NULL,1,8,'120'),(172,301,'import java.util.Scanner;\r\n\r\npublic class Main{\r\n	\r\n	public static void main(String[] args){\r\n		Scanner in=new Scanner(System.in);\r\n		int a=in.nextInt();\r\n		int b=in.nextInt();\r\n                  String str=\"\";\r\n                  for(int i=0;i<10900;i++){str=str+i;}\r\n		System.out.println(a+b);\r\n	}\r\n}','2013-05-21 19:14:38','0:0:0:0:0:0:0:1','java','8208','3004','rightAnswer',NULL,1,8,'121'),(173,301,'import java.util.Scanner;\r\n\r\npublic class Main{\r\n	\r\n	public static void main(String[] args){\r\n		Scanner in=new Scanner(System.in);\r\n		int a=in.nextInt();\r\n		int b=in.nextInt();\r\n                  String str=\"\";\r\n                  for(int i=0;i<19679;i++){str=str+i;}\r\n		System.out.println(a+b);\r\n	}\r\n}','2013-05-21 19:15:29','0:0:0:0:0:0:0:1','java','--','--','timeOut',NULL,1,8,'122'),(174,301,'import java.util.Scanner;\r\n\r\npublic class Main{\r\n	\r\n	public static void main(String[] args){\r\n		Scanner in=new Scanner(System.in);\r\n		int a=in.nextInt();\r\n		int b=in.nextInt();\r\n                  String str=\"\";\r\n                  for(int i=0;i<19679;i++){str=str+i;}\r\n		System.out.println(a+b);\r\n	}\r\n}','2013-05-21 19:16:28','0:0:0:0:0:0:0:1','java','--','--','timeOut',NULL,1,8,'123'),(175,301,'import java.util.Scanner;\r\n\r\npublic class Main{\r\n	\r\n	public static void main(String[] args){\r\n		Scanner in=new Scanner(System.in);\r\n		int a=in.nextInt();\r\n		int b=in.nextInt();\r\n                  String str=\"\";\r\n                  for(int i=0;i<19679;i++){str=str+i;}\r\n		System.out.println(a+b);\r\n	}\r\n}','2013-05-21 19:17:24','0:0:0:0:0:0:0:1','java','--','--','wrongAnswer',NULL,1,8,'124'),(176,301,'import java.util.Scanner;\r\n\r\npublic class Main{\r\n	\r\n	public static void main(String[] args){\r\n		Scanner in=new Scanner(System.in);\r\n		int a=in.nextInt();\r\n		int b=in.nextInt();\r\n                  String str=\"\";\r\n                  for(int i=0;i<19679;i++){str=str+i;}\r\n		System.out.println(a+b);\r\n	}\r\n}','2013-05-21 19:17:58','0:0:0:0:0:0:0:1','java','--','--','wrongAnswer',NULL,1,8,'125'),(177,300,'import java.util.Scanner;\r\n\r\npublic class Main{\r\n	\r\n	public static void main(String[] args){\r\n		Scanner in=new Scanner(System.in);\r\n		int a=in.nextInt();\r\n		int b=in.nextInt();\r\n                  String str=\"\";\r\n                  for(int i=0;i<9679;i++){str=str+i;}\r\n		System.out.println(a+b);\r\n	}\r\n}','2013-05-21 19:18:37','0:0:0:0:0:0:0:1','java','23680','2001','rightAnswer',NULL,1,8,'126'),(178,300,'import java.util.Scanner;\r\n\r\npublic class Main{\r\n	\r\n	public static void main(String[] args){\r\n		Scanner in=new Scanner(System.in);\r\n		int a=in.nextInt();\r\n		int b=in.nextInt();\r\n                  String str=\"\";\r\n                  for(int i=0;i<9679;i++){str=str+i;}\r\n		System.out.println(a+b);\r\n	}\r\n}','2013-05-21 19:20:05','0:0:0:0:0:0:0:1','java','10144','3000','rightAnswer',NULL,1,8,'127'),(179,300,'import java.util.Scanner;\r\n\r\npublic class Main{\r\n	\r\n	public static void main(String[] args){\r\n		Scanner in=new Scanner(System.in);\r\n		int a=in.nextInt();\r\n		int b=in.nextInt();\r\n                  String str=\"\";\r\n                  for(int i=0;i<9679;i++){str=str+i;}\r\n		System.out.println(a+b);\r\n	}\r\n}','2013-05-22 00:16:26','0:0:0:0:0:0:0:1','java','23496','1007','rightAnswer',NULL,1,8,'128'),(180,301,'import java.util.Scanner;\r\n\r\npublic class Main{\r\n	\r\n	public static void main(String[] args){\r\n		Scanner in=new Scanner(System.in);\r\n		int a=in.nextInt();\r\n		int b=in.nextInt();\r\n                  String str=\"\";\r\n                  for(int i=0;i<10679;i++){str=str+i;}\r\n		System.out.println(a+b);\r\n	}\r\n}','2013-05-22 00:18:58','0:0:0:0:0:0:0:1','java','45128','2000','rightAnswer',NULL,1,8,'129'),(181,301,'import java.util.Scanner;\r\n\r\npublic class Main{\r\n	\r\n	public static void main(String[] args){\r\n		Scanner in=new Scanner(System.in);\r\n		int a=in.nextInt();\r\n		int b=in.nextInt();\r\n                  String str=\"\";\r\n                  for(int i=0;i<15679;i++){str=str+i;}\r\n		System.out.println(a+b);\r\n	}\r\n}','2013-05-22 00:20:04','0:0:0:0:0:0:0:1','java','--','--','timeOut',NULL,1,8,'130'),(182,300,'import java.util.Scanner;\r\n\r\npublic class Main{\r\n	\r\n	public static void main(String[] args){\r\n		Scanner in=new Scanner(System.in);\r\n		int a=in.nextInt();\r\n		int b=in.nextInt();\r\n                  String str=\"\";\r\n                  for(int i=0;i<6679;i++){str=str+i;}\r\n		System.out.println(a+b);\r\n	}\r\n}','2013-05-22 00:20:30','0:0:0:0:0:0:0:1','java','16416','1000','rightAnswer',NULL,1,8,'131'),(183,7,'艾丝凡大是大非','2013-05-22 09:35:47','0:0:0:0:0:0:0:1','java','--','--','compileError',NULL,65,21,'132'),(184,8,'asdfasdf','2013-05-23 12:57:41','0:0:0:0:0:0:0:1','java','--','--','compileError',NULL,65,8,'133'),(185,300,'import java.util.Scanner;\r\n\r\npublic class Main{\r\n	\r\n	public static void main(String[] args){\r\n		Scanner in=new Scanner(System.in);\r\n		int a=in.nextInt();\r\n		int b=in.nextInt();\r\n                  String str=\"\";\r\n                  for(int i=0;i<7609;i++){str=str+i;}\r\n		System.out.println(a+b);\r\n	}\r\n}','2013-05-23 12:58:35','0:0:0:0:0:0:0:1','java','30224','1000','rightAnswer',NULL,1,8,'134'),(186,300,'import java.util.Scanner;\r\n\r\npublic class Main{\r\n	\r\n	public static void main(String[] args){\r\n		Scanner in=new Scanner(System.in);\r\n		int a=in.nextInt();\r\n		int b=in.nextInt();\r\n                  String str=\"\";\r\n                  for(int i=0;i<6679;i++){str=str+i;}\r\n		System.out.println(a+b);\r\n	}\r\n}','2013-05-23 12:59:04','0:0:0:0:0:0:0:1','java','0','0','rightAnswer',NULL,1,8,'135'),(187,300,'import java.util.Scanner;\r\n\r\npublic class Main{\r\n	\r\n	public static void main(String[] args){\r\n		Scanner in=new Scanner(System.in);\r\n		int a=in.nextInt();\r\n		int b=in.nextInt();\r\n                  String str=\"\";\r\n                  for(int i=0;i<7609;i++){str=str+i;}\r\n		System.out.println(a+b);\r\n	}\r\n}','2013-05-23 12:59:51','0:0:0:0:0:0:0:1','java','23688','1003','rightAnswer',NULL,1,8,'136'),(188,300,'import java.util.Scanner;\r\n\r\npublic class Main{\r\n	\r\n	public static void main(String[] args){\r\n		Scanner in=new Scanner(System.in);\r\n		int a=in.nextInt();\r\n		int b=in.nextInt();\r\n                  String str=\"\";\r\n                  for(int i=0;i<7609;i++){str=str+i;}\r\n		System.out.println(a+b);\r\n	}\r\n}','2013-05-23 13:00:23','0:0:0:0:0:0:0:1','java','22192','1000','rightAnswer',NULL,1,8,'137'),(189,376,'import java.util.Scanner;\r\n\r\npublic class Main{\r\n	\r\n	public static void main(String[] args){\r\n		Scanner in=new Scanner(System.in);\r\n		int n,sum=0;\r\n		int[] cmt=new int[50];\r\n		n=in.nextInt();\r\n		for(int i=0;i<n;i++){\r\n			sum=0;\r\n			for(int j=0;j<5;j++){\r\n				sum=sum+in.nextInt();\r\n			}\r\n			cmt[i]=sum;\r\n		}\r\n		for(int i=0;i<n;i++){\r\n			System.out.println(cmt[i]);\r\n		}\r\n	}\r\n}','2013-05-23 13:02:14','0:0:0:0:0:0:0:1','java','0','0','rightAnswer',NULL,65,8,'138'),(190,465,'import java.util.Scanner;\r\n\r\npublic class Main{\r\n	\r\n	public static void main(String[] args){\r\n		Scanner in=new Scanner(System.in);\r\n		int n,sum=0;\r\n		int[] cmt=new int[50];\r\n		n=in.nextInt();\r\n		for(int i=0;i<n;i++){\r\n			sum=0;\r\n			for(int j=0;j<5;j++){\r\n				sum=sum+in.nextInt();\r\n			}\r\n			cmt[i]=sum;\r\n		}\r\n                  String str=\"\";\r\n                  for(int i=0;i<7609;i++){str=str+i;}\r\n		for(int i=0;i<n;i++){\r\n			System.out.println(cmt[i]);\r\n		}\r\n	}\r\n}','2013-05-23 13:03:22','0:0:0:0:0:0:0:1','java','--','--','wrongAnswer',NULL,65,8,'139'),(191,465,'import java.util.Scanner;\r\n\r\npublic class Main{\r\n	\r\n	public static void main(String[] args){\r\n		Scanner in=new Scanner(System.in);\r\n		int n,sum=0;\r\n		int[] cmt=new int[50];\r\n		n=in.nextInt();\r\n		for(int i=0;i<n;i++){\r\n			sum=0;\r\n			for(int j=0;j<5;j++){\r\n				sum=sum+in.nextInt();\r\n			}\r\n			cmt[i]=sum;\r\n		}\r\n                  String str=\"\";\r\n                  for(int i=0;i<7609;i++){str=str+i;}\r\n		for(int i=0;i<n;i++){\r\n			System.out.println(cmt[i]);\r\n		}\r\n	}\r\n}','2013-05-23 13:03:59','0:0:0:0:0:0:0:1','java','0','0','rightAnswer',NULL,65,8,'140'),(192,465,'import java.util.Scanner;\r\n\r\npublic class Main{\r\n	\r\n	public static void main(String[] args){\r\n		Scanner in=new Scanner(System.in);\r\n		int n,sum=0;\r\n		int[] cmt=new int[50];\r\n		n=in.nextInt();\r\n		for(int i=0;i<n;i++){\r\n			sum=0;\r\n			for(int j=0;j<5;j++){\r\n				sum=sum+in.nextInt();\r\n			}\r\n			cmt[i]=sum;\r\n		}\r\n                  String str=\"\";\r\n                  for(int i=0;i<7609;i++){str=str+i;}\r\n		for(int i=0;i<n;i++){\r\n			System.out.println(cmt[i]);\r\n		}\r\n	}\r\n}','2013-05-23 13:04:22','0:0:0:0:0:0:0:1','java','--','--','timeOut',NULL,65,8,'141'),(193,465,'import java.util.Scanner;\r\n\r\npublic class Main{\r\n	\r\n	public static void main(String[] args){\r\n		Scanner in=new Scanner(System.in);\r\n		int n,sum=0;\r\n		int[] cmt=new int[50];\r\n		n=in.nextInt();\r\n		for(int i=0;i<n;i++){\r\n			sum=0;\r\n			for(int j=0;j<5;j++){\r\n				sum=sum+in.nextInt();\r\n			}\r\n			cmt[i]=sum;\r\n		}\r\n                  String str=\"\";\r\n                  for(int i=0;i<7609;i++){str=str+i;}\r\n		for(int i=0;i<n;i++){\r\n			System.out.println(cmt[i]);\r\n		}\r\n	}\r\n}','2013-05-23 13:04:39','0:0:0:0:0:0:0:1','java','--','--','wrongAnswer',NULL,65,8,'142'),(194,465,'import java.util.Scanner;\r\n\r\npublic class Main{\r\n	\r\n	public static void main(String[] args){\r\n		Scanner in=new Scanner(System.in);\r\n		int n,sum=0;\r\n		int[] cmt=new int[50];\r\n		n=in.nextInt();\r\n		for(int i=0;i<n;i++){\r\n			sum=0;\r\n			for(int j=0;j<5;j++){\r\n				sum=sum+in.nextInt();\r\n			}\r\n			cmt[i]=sum;\r\n		}\r\n                  String str=\"\";\r\n                  for(int i=0;i<7609;i++){str=str+i;}\r\n		for(int i=0;i<n;i++){\r\n			System.out.println(cmt[i]);\r\n		}\r\n	}\r\n}','2013-05-23 13:05:03','0:0:0:0:0:0:0:1','java','0','0','rightAnswer',NULL,65,8,'143'),(195,465,'import java.util.Scanner;\r\n\r\npublic class Main{\r\n	\r\n	public static void main(String[] args){\r\n		Scanner in=new Scanner(System.in);\r\n		int n,sum=0;\r\n		int[] cmt=new int[50];\r\n		n=in.nextInt();\r\n		for(int i=0;i<n;i++){\r\n			sum=0;\r\n			for(int j=0;j<5;j++){\r\n				sum=sum+in.nextInt();\r\n			}\r\n			cmt[i]=sum;\r\n		}\r\n                  String str=\"\";\r\n                  for(int i=0;i<7609;i++){str=str+i;}\r\n		for(int i=0;i<n;i++){\r\n			System.out.println(cmt[i]);\r\n		}\r\n	}\r\n}','2013-05-23 13:05:57','0:0:0:0:0:0:0:1','java','24176','1000','rightAnswer',NULL,65,8,'144'),(196,465,'import java.util.Scanner;\r\n\r\npublic class Main{\r\n	\r\n	public static void main(String[] args){\r\n		Scanner in=new Scanner(System.in);\r\n		int n,sum=0;\r\n		int[] cmt=new int[50];\r\n		n=in.nextInt();\r\n		for(int i=0;i<n;i++){\r\n			sum=0;\r\n			for(int j=0;j<5;j++){\r\n				sum=sum+in.nextInt();\r\n			}\r\n			cmt[i]=sum;\r\n		}\r\n                  String str=\"\";\r\n                  for(int i=0;i<8609;i++){str=str+i;}\r\n		for(int i=0;i<n;i++){\r\n			System.out.println(cmt[i]);\r\n		}\r\n	}\r\n}','2013-05-23 13:06:31','0:0:0:0:0:0:0:1','java','34272','1000','rightAnswer',NULL,65,8,'145'),(197,465,'import java.util.Scanner;\r\n\r\npublic class Main{\r\n	\r\n	public static void main(String[] args){\r\n		Scanner in=new Scanner(System.in);\r\n		int n,sum=0;\r\n		int[] cmt=new int[50];\r\n		n=in.nextInt();\r\n		for(int i=0;i<n;i++){\r\n			sum=0;\r\n			for(int j=0;j<5;j++){\r\n				sum=sum+in.nextInt();\r\n			}\r\n			cmt[i]=sum;\r\n		}\r\n                  String str=\"\";\r\n                  for(int i=0;i<8909;i++){str=str+i;}\r\n		for(int i=0;i<n;i++){\r\n			System.out.println(cmt[i]);\r\n		}\r\n	}\r\n}','2013-05-23 13:07:13','0:0:0:0:0:0:0:1','java','--','--','wrongAnswer',NULL,65,8,'146'),(198,465,'import java.util.Scanner;\r\n\r\npublic class Main{\r\n	\r\n	public static void main(String[] args){\r\n		Scanner in=new Scanner(System.in);\r\n		int n,sum=0;\r\n		int[] cmt=new int[50];\r\n		n=in.nextInt();\r\n		for(int i=0;i<n;i++){\r\n			sum=0;\r\n			for(int j=0;j<5;j++){\r\n				sum=sum+in.nextInt();\r\n			}\r\n			cmt[i]=sum;\r\n		}\r\n                  String str=\"\";\r\n                  for(int i=0;i<8609;i++){str=str+i;}\r\n		for(int i=0;i<n;i++){\r\n			System.out.println(cmt[i]);\r\n		}\r\n	}\r\n}','2013-05-23 13:07:34','0:0:0:0:0:0:0:1','java','53120','2000','rightAnswer',NULL,65,8,'147'),(199,465,'import java.util.Scanner;\r\n\r\npublic class Main{\r\n	\r\n	public static void main(String[] args){\r\n		Scanner in=new Scanner(System.in);\r\n		int n,sum=0;\r\n		int[] cmt=new int[50];\r\n		n=in.nextInt();\r\n		for(int i=0;i<n;i++){\r\n			sum=0;\r\n			for(int j=0;j<5;j++){\r\n				sum=sum+in.nextInt();\r\n			}\r\n			cmt[i]=sum;\r\n		}\r\n                  String str=\"\";\r\n                  for(int i=0;i<8609;i++){str=str+i;}\r\n		for(int i=0;i<n;i++){\r\n			System.out.println(cmt[i]);\r\n		}\r\n	}\r\n}','2013-05-23 13:08:19','0:0:0:0:0:0:0:1','java','52144','2000','rightAnswer',NULL,65,21,'148'),(200,465,'import java.util.Scanner;\r\n\r\npublic class Main{\r\n	\r\n	public static void main(String[] args){\r\n		Scanner in=new Scanner(System.in);\r\n		int n,sum=0;\r\n		int[] cmt=new int[50];\r\n		n=in.nextInt();\r\n		for(int i=0;i<n;i++){\r\n			sum=0;\r\n			for(int j=0;j<5;j++){\r\n				sum=sum+in.nextInt();\r\n			}\r\n			cmt[i]=sum;\r\n		}\r\n                  String str=\"\";\r\n                  for(int i=0;i<8609;i++){str=str+i;}\r\n		for(int i=0;i<n;i++){\r\n			System.out.println(cmt[i]);\r\n		}\r\n	}\r\n}','2013-05-23 13:08:52','0:0:0:0:0:0:0:1','java','29872','2000','rightAnswer',NULL,65,21,'149'),(201,465,'import java.util.Scanner;\r\n\r\npublic class Main{\r\n	\r\n	public static void main(String[] args){\r\n		Scanner in=new Scanner(System.in);\r\n		int n,sum=0;\r\n		int[] cmt=new int[50];\r\n		n=in.nextInt();\r\n		for(int i=0;i<n;i++){\r\n			sum=0;\r\n			for(int j=0;j<5;j++){\r\n				sum=sum+in.nextInt();\r\n			}\r\n			cmt[i]=sum;\r\n		}\r\n                  String str=\"\";\r\n                  for(int i=0;i<8609;i++){str=str+i;}\r\n		for(int i=0;i<n;i++){\r\n			System.out.println(cmt[i]);\r\n		}\r\n	}\r\n}','2013-05-23 13:10:06','0:0:0:0:0:0:0:1','java','42656','1000','rightAnswer',NULL,65,21,'150'),(202,465,'import java.util.Scanner;\r\n\r\npublic class Main{\r\n	\r\n	public static void main(String[] args){\r\n		Scanner in=new Scanner(System.in);\r\n		int n,sum=0;\r\n		int[] cmt=new int[50];\r\n		n=in.nextInt();\r\n		for(int i=0;i<n;i++){\r\n			sum=0;\r\n			for(int j=0;j<5;j++){\r\n				sum=sum+in.nextInt();\r\n			}\r\n			cmt[i]=sum;\r\n		}\r\n                  String str=\"\";\r\n                  for(int i=0;i<8609;i++){str=str+i;}\r\n		for(int i=0;i<n;i++){\r\n			System.out.println(cmt[i]);\r\n		}\r\n	}\r\n}','2013-05-23 13:10:34','0:0:0:0:0:0:0:1','java','0','2001','rightAnswer',NULL,65,21,'151'),(203,491,'import java.util.Scanner;\r\n\r\npublic class Main{\r\n	\r\n	public static void main(String[] args){\r\n		Scanner in=new Scanner(System.in);\r\n		int n,sum=0;\r\n		int[] cmt=new int[50];\r\n		n=in.nextInt();\r\n		for(int i=0;i<n;i++){\r\n			sum=0;\r\n			for(int j=0;j<5;j++){\r\n				sum=sum+in.nextInt();\r\n			}\r\n			cmt[i]=sum;\r\n		}\r\n                  String str=\"\";\r\n                  for(int i=0;i<8609;i++){str=str+i+str+str;str=str+i+str+str;}\r\n		for(int i=0;i<n;i++){\r\n			System.out.println(cmt[i]);\r\n		}\r\n	}\r\n}','2013-05-23 13:11:17','0:0:0:0:0:0:0:1','java','--','--','wrongAnswer',NULL,65,21,'152'),(204,491,'import java.util.Scanner;\r\n\r\npublic class Main{\r\n	\r\n	public static void main(String[] args){\r\n		Scanner in=new Scanner(System.in);\r\n		int n,sum=0;\r\n		int[] cmt=new int[50];\r\n		n=in.nextInt();\r\n		for(int i=0;i<n;i++){\r\n			sum=0;\r\n			for(int j=0;j<5;j++){\r\n				sum=sum+in.nextInt();\r\n			}\r\n			cmt[i]=sum;\r\n		}\r\n                  String str=\"\";\r\n                  for(int i=0;i<8609;i++){str=str+i+str+str;str=str+i+str+str;}\r\n		for(int i=0;i<n;i++){\r\n			System.out.println(cmt[i]);\r\n		}\r\n	}\r\n}','2013-05-23 13:11:42','0:0:0:0:0:0:0:1','java','--','--','wrongAnswer',NULL,65,21,'153'),(205,465,'import java.util.Scanner;\r\n\r\npublic class Main{\r\n	\r\n	public static void main(String[] args){\r\n		Scanner in=new Scanner(System.in);\r\n		int n,sum=0;\r\n		int[] cmt=new int[50];\r\n		n=in.nextInt();\r\n		for(int i=0;i<n;i++){\r\n			sum=0;\r\n			for(int j=0;j<5;j++){\r\n				sum=sum+in.nextInt();\r\n			}\r\n			cmt[i]=sum;\r\n		}\r\n                  String str=\"\";\r\n                  for(int i=0;i<8609;i++){str=str+i;}\r\n		for(int i=0;i<n;i++){\r\n			System.out.println(cmt[i]);\r\n		}\r\n	}\r\n}','2013-05-23 13:12:27','0:0:0:0:0:0:0:1','java','49704','1000','rightAnswer',NULL,65,21,'154'),(206,8,'asdfasdf','2013-05-24 09:03:44','0:0:0:0:0:0:0:1','java','--','--','compileError',NULL,65,21,'155'),(207,211,'import java.util.Scanner;\r\n\r\npublic class Main{\r\n	\r\n	public static void main(String[] args){\r\n		Scanner in=new Scanner(System.in);\r\n		int a=in.nextInt();\r\n		int b=in.nextInt();\r\n		System.out.println(a+b);\r\n	}\r\n}','2013-05-24 09:42:00','0:0:0:0:0:0:0:1','java','0','0','rightAnswer',NULL,1,8,'156'),(208,465,'import java.util.Scanner;\r\n\r\npublic class Main{\r\n	\r\n	public static void main(String[] args){\r\n		Scanner in=new Scanner(System.in);\r\n		int n,sum=0;\r\n		int[] cmt=new int[50];\r\n		n=in.nextInt();\r\n		for(int i=0;i<n;i++){\r\n			sum=0;\r\n			for(int j=0;j<5;j++){\r\n				sum=sum+in.nextInt();\r\n			}\r\n			cmt[i]=sum;\r\n		}\r\n                  String str=\"\";\r\n                  for(int i=0;i<8609;i++){str=str+i;}\r\n		for(int i=0;i<n;i++){\r\n			System.out.println(cmt[i]);\r\n		}\r\n	}\r\n}','2013-05-24 09:42:48','0:0:0:0:0:0:0:1','java','24264','1000','rightAnswer',NULL,65,8,'157'),(209,11,'sdfgsdfgdsf','2013-05-24 14:35:31','0:0:0:0:0:0:0:1','java','--','--','compileError',NULL,65,8,'158'),(210,465,'import java.util.Scanner;\r\n\r\npublic class Main{\r\n	\r\n	public static void main(String[] args){\r\n		Scanner in=new Scanner(System.in);\r\n		int n,sum=0;\r\n		int[] cmt=new int[50];\r\n		n=in.nextInt();\r\n		for(int i=0;i<n;i++){\r\n			sum=0;\r\n			for(int j=0;j<5;j++){\r\n				sum=sum+in.nextInt();\r\n			}\r\n			cmt[i]=sum;\r\n		}\r\n                  String str=\"\";\r\n                  for(int i=0;i<8609;i++){str=str+i;}\r\n		for(int i=0;i<n;i++){\r\n			System.out.println(cmt[i]);\r\n		}\r\n	}\r\n}','2013-05-24 19:59:48','0:0:0:0:0:0:0:1','java','16416','1002','rightAnswer',NULL,65,8,'159'),(211,465,'import java.util.Scanner;\r\n\r\npublic class Main{\r\n	\r\n	public static void main(String[] args){\r\n		Scanner in=new Scanner(System.in);\r\n		int n,sum=0;\r\n		int[] cmt=new int[50];\r\n		n=in.nextInt();\r\n		for(int i=0;i<n;i++){\r\n			sum=0;\r\n			for(int j=0;j<5;j++){\r\n				sum=sum+in.nextInt();\r\n			}\r\n			cmt[i]=sum;\r\n		}\r\n                  String str=\"\";\r\n                  for(int i=0;i<8609;i++){str=str+i;}\r\n		for(int i=0;i<n;i++){\r\n			System.out.println(cmt[i]);\r\n		}\r\n	}\r\n}','2013-05-24 20:00:38','0:0:0:0:0:0:0:1','java','22208','1000','rightAnswer',NULL,65,8,'160'),(212,7,'wegsdfg','2013-05-24 20:33:16','0:0:0:0:0:0:0:1','java','--','--','compileError',NULL,65,8,'161'),(213,465,'import java.util.Scanner;\r\n\r\npublic class Main{\r\n	\r\n	public static void main(String[] args){\r\n		Scanner in=new Scanner(System.in);\r\n		int n,sum=0;\r\n		int[] cmt=new int[50];\r\n		n=in.nextInt();\r\n		for(int i=0;i<n;i++){\r\n			sum=0;\r\n			for(int j=0;j<5;j++){\r\n				sum=sum+in.nextInt();\r\n			}\r\n			cmt[i]=sum;\r\n		}\r\n                  String str=\"\";\r\n                  for(int i=0;i<8609;i++){str=str+i;}\r\n		for(int i=0;i<n;i++){\r\n			System.out.println(cmt[i]);\r\n		}\r\n	}\r\n}','2013-05-24 20:34:21','0:0:0:0:0:0:0:1','java','47600','2000','rightAnswer',NULL,65,8,'162'),(214,8,'asdfasdf','2013-05-24 20:44:54','0:0:0:0:0:0:0:1','java','--','--','compileError',NULL,65,8,'163'),(215,11,'asdfadfasdf','2013-05-24 20:48:51','0:0:0:0:0:0:0:1','java','--','--','compileError',NULL,65,8,'164'),(216,11,'asdfadfasdf','2013-05-24 20:48:53','0:0:0:0:0:0:0:1','java','--','--','compileError',NULL,65,8,'165'),(217,11,'asdfadfasdf','2013-05-24 20:48:55','0:0:0:0:0:0:0:1','java','--','--','compileError',NULL,65,8,'166'),(218,11,'asdfadfasdf','2013-05-24 20:48:57','0:0:0:0:0:0:0:1','java','--','--','compileError',NULL,65,8,'167'),(219,11,'asdfadfasdf','2013-05-24 20:48:59','0:0:0:0:0:0:0:1','java','--','--','compileError',NULL,65,8,'168'),(220,465,'import java.util.Scanner;\r\n\r\npublic class Main{\r\n	\r\n	public static void main(String[] args){\r\n		Scanner in=new Scanner(System.in);\r\n		int n,sum=0;\r\n		int[] cmt=new int[50];\r\n		n=in.nextInt();\r\n		for(int i=0;i<n;i++){\r\n			sum=0;\r\n			for(int j=0;j<5;j++){\r\n				sum=sum+in.nextInt();\r\n			}\r\n			cmt[i]=sum;\r\n		}\r\n                  String str=\"\";\r\n                  for(int i=0;i<8609;i++){str=str+i;}\r\n		for(int i=0;i<n;i++){\r\n			System.out.println(cmt[i]);\r\n		}\r\n	}\r\n}','2013-05-24 20:49:16','0:0:0:0:0:0:0:1','java','48208','2002','rightAnswer',NULL,65,8,'169'),(221,11,'asdfasdffds','2013-05-25 01:12:28','0:0:0:0:0:0:0:1','java','--','--','compileError',NULL,65,8,'170');
/*!40000 ALTER TABLE `t_code` ENABLE KEYS */;
UNLOCK TABLES;

--
-- Table structure for table `t_comment`
--

DROP TABLE IF EXISTS `t_comment`;
/*!40101 SET @saved_cs_client     = @@character_set_client */;
/*!40101 SET character_set_client = utf8 */;
CREATE TABLE `t_comment` (
  `commentId` bigint(20) NOT NULL AUTO_INCREMENT,
  `content` longtext,
  `createDate` datetime NOT NULL,
  `floor` int(11) NOT NULL,
  `replyCount` int(11) NOT NULL,
  `matchId` bigint(20) DEFAULT NULL,
  `problemId` bigint(20) DEFAULT NULL,
  `userId` bigint(20) NOT NULL,
  PRIMARY KEY (`commentId`),
  KEY `FK38A5EE5FA5A48362` (`userId`),
  KEY `FK38A5EE5FA28E3F88` (`problemId`),
  KEY `FK38A5EE5F4956AC14` (`matchId`),
  CONSTRAINT `FK38A5EE5F4956AC14` FOREIGN KEY (`matchId`) REFERENCES `t_match` (`matchId`),
  CONSTRAINT `FK38A5EE5FA28E3F88` FOREIGN KEY (`problemId`) REFERENCES `t_problem` (`problemId`),
  CONSTRAINT `FK38A5EE5FA5A48362` FOREIGN KEY (`userId`) REFERENCES `t_user` (`userId`)
) ENGINE=InnoDB AUTO_INCREMENT=32 DEFAULT CHARSET=gbk;
/*!40101 SET character_set_client = @saved_cs_client */;

--
-- Dumping data for table `t_comment`
--

LOCK TABLES `t_comment` WRITE;
/*!40000 ALTER TABLE `t_comment` DISABLE KEYS */;
INSERT INTO `t_comment` VALUES (1,'好老的试题了！谁个能给出优化解！','2013-04-08 21:44:22',1,1,NULL,1,4),(2,'自己评论自己！--改','2013-04-08 21:45:22',2,1,NULL,1,4),(3,'老毛的解好一些！','2013-04-08 21:46:14',3,0,NULL,1,7),(4,'好好看看！','2013-04-08 21:46:32',4,0,NULL,1,7),(5,'这次比赛压力好大啊。。。','2013-04-14 22:00:53',1,2,1,NULL,14),(6,'哎！','2013-04-14 22:01:04',2,0,1,NULL,14),(7,'无聊','2013-04-14 22:02:08',5,0,NULL,1,14),(8,'嗯哼---改改','2013-04-23 23:40:08',6,1,NULL,1,8),(9,'bucuo!','2013-04-23 23:52:58',7,2,NULL,1,8),(10,'一笑而过！','2013-04-23 23:56:31',8,0,NULL,1,8),(11,'很不立解！','2013-04-23 23:56:54',9,0,NULL,1,8),(12,'我是来抢沙发的！','2013-04-23 23:58:15',1,1,NULL,2,8),(13,'自己回复自己！','2013-04-23 23:58:37',2,0,NULL,2,8),(14,'再发一条评论===彬彬','2013-04-23 23:58:53',3,0,NULL,2,8),(15,'怎么已经有人评论了！---我是三楼！','2013-04-24 00:00:31',3,0,1,NULL,8),(17,'fsdfsdfsd','2013-04-24 21:40:17',1,1,NULL,17,16),(18,'sddf','2013-04-24 21:40:40',2,0,NULL,17,16),(19,'pinglun','2013-04-26 21:10:42',3,1,NULL,17,8),(20,'aaaaaaaaaaa','2013-04-26 21:10:53',4,0,NULL,17,8),(21,'werwerw','2013-05-01 21:09:42',5,0,NULL,17,17),(22,'数组求和很简单，我抢个沙发先！','2013-05-22 00:57:22',1,2,NULL,65,8),(23,'自己回复自己！','2013-05-22 00:57:56',2,0,NULL,65,8),(24,'数组求和很简单！---回复','2013-05-22 00:58:16',3,0,NULL,65,8),(25,'这道题真的不会做，不为什么！！','2013-05-22 09:35:20',4,1,NULL,65,21),(26,'难忘的一场比赛。。。','2013-05-24 09:13:55',4,0,1,NULL,8),(27,'fabiao','2013-05-24 17:18:06',10,0,NULL,1,8),(28,'huifu!','2013-05-24 17:25:51',5,0,NULL,65,8),(29,'1','2013-05-24 19:47:05',1,1,NULL,57,8),(30,'1111111111111111','2013-05-24 19:47:12',2,1,NULL,57,8),(31,'啊撒旦法师打发斯蒂芬','2013-05-24 19:47:29',3,0,NULL,57,8);
/*!40000 ALTER TABLE `t_comment` ENABLE KEYS */;
UNLOCK TABLES;

--
-- Table structure for table `t_form`
--

DROP TABLE IF EXISTS `t_form`;
/*!40101 SET @saved_cs_client     = @@character_set_client */;
/*!40101 SET character_set_client = utf8 */;
CREATE TABLE `t_form` (
  `formId` bigint(20) NOT NULL AUTO_INCREMENT,
  `problemA` varchar(20) DEFAULT NULL,
  `problemB` varchar(20) DEFAULT NULL,
  `problemC` varchar(20) DEFAULT NULL,
  `problemCount` int(11) NOT NULL,
  `problemD` varchar(20) DEFAULT NULL,
  `problemE` varchar(20) DEFAULT NULL,
  `problemF` varchar(20) DEFAULT NULL,
  `problemG` varchar(20) DEFAULT NULL,
  `problemH` varchar(20) DEFAULT NULL,
  `problemI` varchar(20) DEFAULT NULL,
  `problemJ` varchar(20) DEFAULT NULL,
  `problemK` varchar(20) DEFAULT NULL,
  `problemL` varchar(20) DEFAULT NULL,
  `problemM` varchar(20) DEFAULT NULL,
  `problemN` varchar(20) DEFAULT NULL,
  `problemO` varchar(20) DEFAULT NULL,
  `totalTime` bigint(20) NOT NULL,
  `userId` bigint(20) NOT NULL,
  `userName` varchar(16) NOT NULL,
  `matchId` bigint(20) DEFAULT NULL,
  PRIMARY KEY (`formId`),
  KEY `FK300CC44956AC14` (`matchId`),
  CONSTRAINT `FK300CC44956AC14` FOREIGN KEY (`matchId`) REFERENCES `t_match` (`matchId`)
) ENGINE=InnoDB AUTO_INCREMENT=13 DEFAULT CHARSET=gbk;
/*!40101 SET character_set_client = @saved_cs_client */;

--
-- Dumping data for table `t_form`
--

LOCK TABLES `t_form` WRITE;
/*!40000 ALTER TABLE `t_form` DISABLE KEYS */;
INSERT INTO `t_form` VALUES (1,'583|2',NULL,NULL,1,NULL,NULL,NULL,NULL,NULL,NULL,NULL,NULL,NULL,NULL,NULL,NULL,623,1,'yamaxifeng_132',1),(2,'616|2','776|1',NULL,4,NULL,'833|2',NULL,NULL,'816|0',NULL,NULL,NULL,NULL,NULL,NULL,NULL,3141,3,'houyajun',1),(3,'0|2',NULL,NULL,1,NULL,'81|0','0|1',NULL,NULL,NULL,NULL,NULL,NULL,NULL,NULL,NULL,81,8,'bingbing',1),(4,'17|2',NULL,'0|1',2,NULL,'18|0',NULL,NULL,NULL,NULL,NULL,NULL,NULL,NULL,NULL,NULL,75,7,'wangke',1),(5,'22|2',NULL,NULL,2,NULL,NULL,NULL,NULL,'23|1',NULL,NULL,NULL,NULL,NULL,NULL,NULL,105,4,'maojinlin',1),(6,'112|0',NULL,NULL,2,NULL,'114|2',NULL,NULL,NULL,NULL,NULL,NULL,NULL,NULL,NULL,NULL,266,9,'蔡冰冰',1),(7,'0|1',NULL,NULL,0,NULL,NULL,NULL,NULL,NULL,NULL,NULL,NULL,NULL,NULL,NULL,NULL,0,13,'zhangwuji',1),(8,'0|1',NULL,'0|1',0,NULL,NULL,NULL,NULL,NULL,NULL,NULL,NULL,NULL,NULL,NULL,NULL,0,14,'诸葛亮',1),(9,'64|1','0|1',NULL,1,NULL,NULL,NULL,NULL,NULL,NULL,NULL,NULL,NULL,NULL,NULL,NULL,84,15,'yonglu.xie',1),(10,'72|0',NULL,NULL,1,NULL,'0|1',NULL,NULL,'0|2',NULL,NULL,NULL,NULL,NULL,NULL,NULL,72,2,'zhaogang',1),(11,'0|1',NULL,NULL,0,NULL,NULL,NULL,NULL,NULL,NULL,NULL,NULL,NULL,NULL,NULL,NULL,0,9,'蔡冰冰',4),(12,'0|3',NULL,NULL,0,NULL,NULL,NULL,NULL,NULL,NULL,NULL,NULL,NULL,NULL,NULL,NULL,0,8,'bingbing',4);
/*!40000 ALTER TABLE `t_form` ENABLE KEYS */;
UNLOCK TABLES;

--
-- Table structure for table `t_ipaddress`
--

DROP TABLE IF EXISTS `t_ipaddress`;
/*!40101 SET @saved_cs_client     = @@character_set_client */;
/*!40101 SET character_set_client = utf8 */;
CREATE TABLE `t_ipaddress` (
  `ipaddressId` bigint(20) NOT NULL AUTO_INCREMENT,
  `createDate` datetime NOT NULL,
  `from0` varchar(50) NOT NULL,
  `from_ip1` varchar(5) DEFAULT NULL,
  `from_ip2` varchar(5) DEFAULT NULL,
  `from_ip3` varchar(5) DEFAULT NULL,
  `from_ip4` varchar(5) DEFAULT NULL,
  `from_ip5` varchar(5) DEFAULT NULL,
  `from_ip6` varchar(5) DEFAULT NULL,
  `from_ip7` varchar(5) DEFAULT NULL,
  `from_ip8` varchar(5) DEFAULT NULL,
  `to0` varchar(50) NOT NULL,
  `to_ip1` varchar(5) DEFAULT NULL,
  `to_ip2` varchar(5) DEFAULT NULL,
  `to_ip3` varchar(5) DEFAULT NULL,
  `to_ip4` varchar(5) DEFAULT NULL,
  `to_ip5` varchar(5) DEFAULT NULL,
  `to_ip6` varchar(5) DEFAULT NULL,
  `to_ip7` varchar(5) DEFAULT NULL,
  `to_ip8` varchar(5) DEFAULT NULL,
  `type` varchar(20) NOT NULL,
  `matchId` bigint(20) NOT NULL,
  PRIMARY KEY (`ipaddressId`),
  KEY `FKFE2CC4ED4956AC14` (`matchId`),
  CONSTRAINT `FKFE2CC4ED4956AC14` FOREIGN KEY (`matchId`) REFERENCES `t_match` (`matchId`)
) ENGINE=InnoDB AUTO_INCREMENT=20 DEFAULT CHARSET=gbk;
/*!40101 SET character_set_client = @saved_cs_client */;

--
-- Dumping data for table `t_ipaddress`
--

LOCK TABLES `t_ipaddress` WRITE;
/*!40000 ALTER TABLE `t_ipaddress` DISABLE KEYS */;
INSERT INTO `t_ipaddress` VALUES (3,'2013-04-25 22:02:23','12:12:12:12:ffff:12:12:12','12','12','12','12','ffff','12','12','12','12:12:123:123:2312:31:ffff:23','12','12','123','123','2312','31','ffff','23','ipv6',4),(13,'2013-04-23 23:31:47','0:0:0:0:0:0:0:0','0','0','0','0','0','0','0','0','0:0:0:0:0:0:0:f','0','0','0','0','0','0','0','f','ipv6',1),(16,'2013-04-24 21:24:09','192.168.96.54','192','168','96','54',NULL,NULL,NULL,NULL,'192.168.96.54','192','168','96','54',NULL,NULL,NULL,NULL,'ipv4',1),(17,'2013-04-25 22:03:23','1:1:1:1:1:1:1:1','1','1','1','1','1','1','1','1','f:f:f:f:f:f:f:f','f','f','f','f','f','f','f','f','ipv6',4),(18,'2013-04-25 22:15:19','12.12.12.12','12','12','12','12',NULL,NULL,NULL,NULL,'12.12.12.12','12','12','12','12',NULL,NULL,NULL,NULL,'ipv4',4),(19,'2013-04-25 22:16:54','1:1:1:1:1:1:1:1','1','1','1','1','1','1','1','1','1:1:1:1:1:1:1:1','1','1','1','1','1','1','1','1','ipv6',4);
/*!40000 ALTER TABLE `t_ipaddress` ENABLE KEYS */;
UNLOCK TABLES;

--
-- Table structure for table `t_match`
--

DROP TABLE IF EXISTS `t_match`;
/*!40101 SET @saved_cs_client     = @@character_set_client */;
/*!40101 SET character_set_client = utf8 */;
CREATE TABLE `t_match` (
  `matchId` bigint(20) NOT NULL AUTO_INCREMENT,
  `address` varchar(20) NOT NULL,
  `author` varchar(20) NOT NULL,
  `content` longtext,
  `createDate` datetime NOT NULL,
  `endDate` datetime NOT NULL,
  `matchName` varchar(20) NOT NULL,
  `problemCount` int(11) NOT NULL,
  `startDate` datetime NOT NULL,
  `state` int(11) NOT NULL,
  `adminId` bigint(20) NOT NULL,
  `personCount` int(11) NOT NULL,
  PRIMARY KEY (`matchId`),
  KEY `FKCC2001D1D2A2C4A8` (`adminId`),
  CONSTRAINT `FKCC2001D1D2A2C4A8` FOREIGN KEY (`adminId`) REFERENCES `t_admin` (`adminId`)
) ENGINE=InnoDB AUTO_INCREMENT=6 DEFAULT CHARSET=gbk;
/*!40101 SET character_set_client = @saved_cs_client */;

--
-- Dumping data for table `t_match`
--

LOCK TABLES `t_match` WRITE;
/*!40000 ALTER TABLE `t_match` DISABLE KEYS */;
INSERT INTO `t_match` VALUES (1,'北区609机房','admin','计科0901B第一届ACM大赛，主要测试同学们的学习情况！','2013-05-18 10:47:25','2013-05-23 23:59:59','计科0901B第一届ACM大赛',8,'2013-05-23 16:40:00',2,1,10),(2,'北区机房','admin','信息工程学院第二届ACM大赛决赛，详细信息请参考黄淮学院信息工程学院网站....','2013-04-14 21:17:33','2013-04-09 20:55:00','信息工程学院第二届ACM大赛决赛',0,'2013-04-08 20:55:00',2,1,0),(3,'中区机房','admin','信息工程学院第二届ACM大赛复赛','2013-04-14 21:23:10','2013-04-14 20:55:00','信息工程学院第二届ACM大赛复赛',0,'2013-04-14 20:55:00',2,1,0),(4,'北区机房609 AB两区','admin','全国信息技术大赛预赛，希望同学们踊跃报名参加！谢谢。。。','2013-04-24 20:29:28','2013-04-24 23:59:59','全国信息技术大赛预赛',1,'2013-04-24 20:00:00',2,1,2),(5,'北区机房','zhangsan','希望同学们踊跃参加报名。','2013-05-17 17:03:40','2013-05-17 23:59:59','信息工程学院ACM预赛',0,'2013-05-17 00:00:00',2,2,0);
/*!40000 ALTER TABLE `t_match` ENABLE KEYS */;
UNLOCK TABLES;

--
-- Table structure for table `t_notice`
--

DROP TABLE IF EXISTS `t_notice`;
/*!40101 SET @saved_cs_client     = @@character_set_client */;
/*!40101 SET character_set_client = utf8 */;
CREATE TABLE `t_notice` (
  `noticeId` bigint(20) NOT NULL AUTO_INCREMENT,
  `author` varchar(20) NOT NULL,
  `browser` int(11) NOT NULL,
  `content` longtext,
  `createDate` datetime NOT NULL,
  `title` varchar(100) NOT NULL,
  `adminId` bigint(20) NOT NULL,
  PRIMARY KEY (`noticeId`),
  KEY `FKC20796D8D2A2C4A8` (`adminId`),
  CONSTRAINT `FKC20796D8D2A2C4A8` FOREIGN KEY (`adminId`) REFERENCES `t_admin` (`adminId`)
) ENGINE=InnoDB AUTO_INCREMENT=30 DEFAULT CHARSET=gbk;
/*!40101 SET character_set_client = @saved_cs_client */;

--
-- Dumping data for table `t_notice`
--

LOCK TABLES `t_notice` WRITE;
/*!40000 ALTER TABLE `t_notice` DISABLE KEYS */;
INSERT INTO `t_notice` VALUES (1,'admin',4,'&nbsp;&nbsp;&nbsp;&nbsp; 计算机科学系第一届ACM大赛，请同学们踊跃参加！','2013-04-07 20:26:04','计算机科学系第一届ACM大赛',1),(2,'admin',0,'ACM大赛1','2013-04-25 21:40:50','ACM大赛的看点以及注意事项',1),(3,'admin',0,'ACM大赛1','2013-03-09 23:04:03','ACM大赛2',1),(4,'admin',0,'ACM大赛1','2013-03-09 23:04:09','ACM大赛3',1),(5,'admin',0,'ACM大赛1','2013-03-09 23:04:14','ACM大赛4',1),(6,'admin',0,'ACM大赛1','2013-03-09 23:04:19','ACM大赛5',1),(7,'admin',0,'ACM大赛1','2013-03-09 23:04:24','ACM大赛6',1),(8,'admin',2,'ACM大赛1','2013-05-16 22:25:22','ACM大赛7',1),(9,'admin',0,'ACM大赛1','2013-03-09 23:04:34','ACM大赛8',1),(10,'admin',0,'ACM大赛1','2013-03-09 23:04:42','ACM大赛10',1),(11,'admin',1,'河南省第一届程序设计大赛','2013-04-07 20:25:45','河南省第一届程序设计大赛',1),(12,'admin',13,'<H3>&nbsp;&nbsp;&nbsp;&nbsp; 我校ACM大赛再创历史新高，这都是我校老师的辛苦培养和耕耘的硕果！</H3>','2013-05-19 20:19:56','我校ACM大赛再创历史新高',1),(13,'admin',0,'ACM大赛9','2013-03-09 23:07:58','ACM大赛11',1),(14,'admin',1,'ACM大赛9','2013-03-09 23:08:05','ACM大赛12',1),(15,'admin',0,'ACM大赛9','2013-03-09 23:08:09','ACM大赛12',1),(16,'admin',1,'ACM大赛9','2013-04-21 14:33:34','ACM大赛12',1),(17,'admin',0,'河南省ACM简介---历史','2013-04-07 20:24:37','河南省ACM简介',1),(18,'admin',1,'安徽理工学院ACM大赛--蔡冰冰','2013-04-07 20:33:38','安徽理工学院ACM大赛',1),(19,'admin',3,'蔡冰冰','2013-04-26 21:18:52','安徽理工学院第一届ACM大赛',1),(20,'woshilisi',3,'同学们请注意，周六下午我院要举行ACM大赛，请踊跃参加！','2013-04-25 21:46:39','班长的公告信息',3),(21,'admin',6,'&nbsp;&nbsp;&nbsp;&nbsp;&nbsp; 黄淮学院预定下周举行ACM初赛，以展示我校学生计算机水平风采，希望各个同学踊跃报名参加！','2013-05-19 21:48:16','黄淮学院预定下周举行ACM初赛',1),(22,'admin',4,'<H4>&nbsp;&nbsp;&nbsp;&nbsp;&nbsp;<BR>&nbsp;&nbsp;&nbsp;&nbsp;<IMG class=\"card-image editorImg log-set-param\" title=美国计算机协会 alt=美国计算机协会 src=\"http://g.hiphotos.baidu.com/baike/s%3D220/sign=9305ebc09925bc312f5d069a6ede8de7/738b4710b912c8fc7d3ec8c3fc039245d78821ea.jpg\" width=140 height=105 log-set-param=\"img_view\">&nbsp;ACM(Association&nbsp;for&nbsp;Computing&nbsp;Machinery&nbsp;)中文：美国计算机协会是一个世界性的计算机从业员专业组织，创立于1947年，是世界上第一个科学性及教育性计算机学会。ACM每年都出版大量计算机科学的专门期刊，并就每项专业设有兴趣小组。</H4>','2013-05-04 00:16:15','毕业设计ACM/ICPC系统',1),(23,'zhangsan',7,'&nbsp;&nbsp;&nbsp;<FONT style=\"FONT-FAMILY: 幼圆; FONT-SIZE: 20px\">&nbsp;5月12日，由河南省计算机学会主办的河南省第六届大学生程序设计竞赛在南阳理工学院举行，来自全省28所本科高校126支队伍近400名学生同场竞技。我校共派5支队伍15名学生参赛，经过五个小时的紧张比赛，信息工程学院学生荆路朋所带领的“天斩”团队和王兆位所带领的“紫慕梦飞”团队分获银奖，刘学超、梁建勋、王维平所带领的三支队伍分获铜奖。<BR style=\"FONT-FAMILY: \">&nbsp;&nbsp;&nbsp;ACM国际大学生程序设计竞赛由国际计算机协会主办，是世界上公认的规模最大、水平最高的国际大学生程序设计竞赛，竞赛由学生自行组队，自主选定队伍名称参加。河南省作为分赛区已举办六届，旨在使大学生运用计算机来充分展示自己分析问题和解决问题的能力以及团队协同实战精神。<BR style=\"FONT-FAMILY: \"></FONT>','2013-05-19 22:00:36','我校在河南省第六届ACM大学生程序设计竞赛中荣获佳绩',2),(24,'zhangsan',8,'<P><FONT style=\"FONT-FAMILY: 幼圆; FONT-SIZE: 20px\">&nbsp;&nbsp;&nbsp;近日，由河南省计算机学会主办的河南省第五届大学生程序设计竞赛在郑州轻工业学院举行。我校共派3个团队9名学生参赛，经过五个小时的紧张比赛，信息工程学院学生陈帅雷所带领的“Sharp”团队和锻炼所带领的“Victor”团队分获银奖。学校团队积分在参赛32所高校的98支队伍中排名第六。<BR style=\"FONT-FAMILY: \">&nbsp;&nbsp;&nbsp;ACM国际大学生程序设计竞赛由国际计算机协会主办，是世界上公认的规模最大、水平最高的国际大学生程序设计竞赛，竞赛由学生自行组队，自主选定队伍名称参加。河南省作为分赛区已举办五届，旨在使大学生运用计算机来充分展示自己分析问题和解决问题的能力以及团队协同实战精神。<BR style=\"FONT-FAMILY: \"></FONT></P>','2013-05-19 22:01:02','我校在ACM国际大学生程序设计竞赛河南赛区比赛中喜获佳绩',2),(25,'zhangsan',12,'<FONT style=\"FONT-FAMILY: 幼圆; FONT-SIZE: 20px\">&nbsp;&nbsp; 近日，由河南省计算机学会主办，河南科技大学承办的第四届大学生程序设计竞赛圆满落幕，我校计算机科学系学生陈帅雷所带领的“sharp”团队荣获银奖，赵钢涛所带领的“knight”团队荣获铜奖。团队积分在参赛的24所本科高校的84支队伍中排名第六。<BR style=\"FONT-FAMILY: \">&nbsp;&nbsp;&nbsp;ACM国际大学生程序设计竞赛由国际计算机协会主办，河南省作为分赛区已举办四届，是世界上公认的规模最大、水平最高的国际大学生程序设计竞赛。旨在使大学生运用计算机来充分展示自己分析问题和解决问题的能力，以及团队协同实战精神。竞赛由学生自行组队，自主选定队伍名称，教务处和计算机科学系选拔培训和推荐。<BR style=\"FONT-FAMILY: \"></FONT>','2013-05-19 23:42:39','我校学生在ACM国际大学生程序设计竞赛河南赛区中喜获佳绩',2),(26,'woshilisi',2,'<P style=\"LINE-HEIGHT: 22pt; TEXT-INDENT: 24.1pt; MARGIN: 2.5pt 0cm 0pt; mso-char-indent-count: 2.0; mso-line-height-rule: exactly\" class=MsoNormal><SPAN class=contentbig1><B><SPAN style=\"FONT-FAMILY: 宋体; FONT-SIZE: 12pt\" lang=EN-US>ACM/ICPC</SPAN></B></SPAN><SPAN class=contentbig1><SPAN style=\"FONT-FAMILY: 宋体; FONT-SIZE: 12pt\">（国际大学生程序设计竞赛）是由<FONT size=3><SPAN lang=EN-US>ACM(Association for Computing Machinery</SPAN>，美国计算机协会<SPAN lang=EN-US>)</SPAN>组织的年度性竞赛，始于<SPAN lang=EN-US>1970</SPAN>年，是全球大学生计算机程序能力竞赛活动中最有影响的一项赛事。</FONT></SPAN></SPAN><SPAN style=\"FONT-FAMILY: 宋体; FONT-SIZE: 12pt\" lang=EN-US>ACM</SPAN><SPAN style=\"FONT-FAMILY: 宋体; FONT-SIZE: 12pt\">国际大学生程序设计竞赛是旨在展示大学生创新能力、团队精神和在压力下编写程序、分析和解决问题能力的竞赛。<SPAN class=contentbig1><FONT size=3>是参赛选手展示计算机才华的广阔舞台，是著名大学计算机教育成果的直接体现，是信息企业与世界顶尖计算机人才对话的最好机会。<SPAN lang=EN-US><?xml:namespace prefix = o ns = \"urn:schemas-microsoft-com:office:office\" /><o:p></o:p></SPAN></FONT></SPAN></SPAN></P>\r\n<P style=\"LINE-HEIGHT: 22pt; TEXT-INDENT: 24pt; MARGIN: 2.5pt 0cm 0pt; mso-char-indent-count: 2.0; mso-line-height-rule: exactly\" class=MsoNormal><SPAN style=\"FONT-FAMILY: 宋体; FONT-SIZE: 12pt\">中国大陆地区<FONT size=3><SPAN lang=EN-US>1997 </SPAN>年开始举办区域赛和参加世界总决赛。十几年来，全国近百所知名高校积极响应，热心参与，已成为我国高校科技活动的一个热点和展示计算机教育成果及优秀人才综合素质的一项重要活动，目前更是出现迅速普及的趋势。鉴于<SPAN lang=EN-US>ACM </SPAN>在线评测提供了完整的计算机实践教学模式，在培养学生创新能力、综合能力、锻炼学生心理素质和团队合作精神方面起到了积极的促进作用，目前我国的许多高校，如北京大学、清华大学、浙江大学和中山大学等均开发了自己的<SPAN lang=EN-US>ACM </SPAN>在线评测系统，并将其引入到了计算机算法设计类课程的实践教学和学生能力评测中。<SPAN lang=EN-US><o:p></o:p></SPAN></FONT></SPAN></P>\r\n<P style=\"LINE-HEIGHT: 22pt; TEXT-INDENT: 24pt; MARGIN: 2.5pt 0cm 0pt; mso-char-indent-count: 2.0; mso-line-height-rule: exactly\" class=MsoNormal><SPAN style=\"FONT-FAMILY: 宋体; FONT-SIZE: 12pt\">但是，竞赛规模的迅速扩大对阅卷工作产生很大的难度，阅卷效率低下，准确度不高，浪费极大的人力以及物力成为一个日益紧迫的问题。竞赛规模的迅速扩大对阅卷工作的自动化、高效性、合理性和公正性提出了更高的要求，基于以上原因，建立一套准确、高效的程序评测系统成为非常迫切的需求。本课题研究给出了一种网络自动化的程序性能分析评测系统<FONT size=3><SPAN lang=EN-US>??ACM</SPAN>在线评测系统的实现方案。<SPAN class=contentbig1>旨在提供一个<SPAN lang=EN-US>ACM/ICPC</SPAN>训练的平台<SPAN lang=EN-US>,</SPAN>也为希望提高计算机程序设计能力的同学提供一个练习的场所。<SPAN lang=EN-US><o:p></o:p></SPAN></SPAN></FONT></SPAN></P>\r\n<P style=\"TEXT-ALIGN: left; LINE-HEIGHT: 22pt; TEXT-INDENT: 24pt; MARGIN: 0cm 0cm 0pt; mso-char-indent-count: 2.0; mso-line-height-rule: exactly; mso-layout-grid-align: none\" class=MsoNormal align=left><SPAN style=\"FONT-FAMILY: 宋体; FONT-SIZE: 12pt\">本系统设计完成后，将对<FONT size=3><SPAN lang=EN-US>ACM</SPAN>大赛提供一个基于计算机的自动处理平台，对提高<SPAN lang=EN-US>ACM</SPAN>大赛的管理水平以及方便性起到了很大的作用。</FONT></SPAN><SPAN style=\"FONT-FAMILY: 宋体; FONT-SIZE: 12pt; mso-font-kerning: 0pt\">能够极大地提高<FONT size=3><SPAN lang=EN-US>ACM</SPAN>管理的效率，也是教育机构的科学化、正规化管理与世界接轨的重要条件。系统适用于学校、<SPAN lang=EN-US>ACM</SPAN>大赛组织、培训机构的应用<SUP><SPAN lang=EN-US>[4]</SPAN></SUP>。<SPAN lang=EN-US><o:p></o:p></SPAN></FONT></SPAN></P>','2013-05-19 21:54:32','ACM/ICPC(国际大学生程序设计竞赛)',3),(27,'woshilisi',3,'<P><FONT style=\"FONT-FAMILY: 幼圆; FONT-SIZE: 20px\">&nbsp;&nbsp; ACM竞赛是目前计算机水平最高的国际大学生程序设计竞赛，同学们程序设计能力的愿望越发强烈，然而人工评测程序必将大大的降低效率。目前我校并没有ACM在线评测系统出现，给很多参赛人员培训和ACM爱好者造成不便，而ACM在线评测系统则是根据竞赛需求而提供的一个培训平台。<BR style=\"FONT-FAMILY: \">&nbsp;&nbsp; ACM在线测评系统是集程序设计竞赛、竞赛训练、平时练习于一身的网上实时提交系统。该系统具有实用性强、安全性好等优点。借助网络这一方便而又有效的平台,可以快速方便地返回评测结果给用户。系统拥有不同用户角色权限、数据库关键数据加密、Excel文件导入与导出、Log4j日志的输出、题库管理、比赛管理、排名管理、用户管理、运行管理、评论管理、公告管理、系统管理和站内搜索等模块，并对各种数据的录入、查询、修改等功能进行页面的展示。<BR style=\"FONT-FAMILY: \">&nbsp;&nbsp; 本文给出了一种网络自动化的程序性能分析评价系统??ACM在线评测系统的实现方案，它采用SSH零配置模式，SSH框架不但可以有效提高系统的开发效率，而且在系统安全性、稳定性以及健壮性上都有很好的改进。利用数据流的输入与输出技术实现在线评测功能[1]。使用UML建模工具对整个系统的功能模块进行建模分析，以MySQL作为本系统后台数据库，实现整个系统的设计与实现。</FONT></P>\r\n<P><FONT style=\"FONT-FAMILY: 幼圆; FONT-SIZE: 20px\">关键词：大学生程序设计；ACM竞赛；在线评测；系统</FONT></P>','2013-05-19 21:58:41','摘 要',3),(28,'woshilisi',1,'<P><FONT style=\"FONT-FAMILY: 幼圆; FONT-SIZE: 20px\">&nbsp;&nbsp;&nbsp;&nbsp;Abstract---Budget management is the modern state system of public finance the construction of the basic content, but also to measure a country\'s level of modernization of financial management, an important landmark. Comprehensive budget management is an enterprise established in accordance with the development of strategic goals, determine the annual operating goals, layer by layer decomposition, issued in the various branches or departments within the enterprise, and its division in charge of the business activities of the whole process of control and management. Comprehensive budget management is also a kind of internal management and control effective way, through the implementation of a comprehensive budget management to achieve optimal allocation of corporate resources and improve economic efficiency of enterprises[2].<BR style=\"FONT-FAMILY: \">&nbsp;&nbsp;&nbsp; Comprehensive budget management for domestic and foreign enterprises has been widely accepted by them as an important management tool. Budget preparation, adjustment, implementation and analysis of assessment are highly technical and complex, therefore the establishment of corporate budget system, budget and budget to determine the content of operation is a complicated systematic project, only the use of modern computer technology, to implement the budget information management in order to efficiently implement comprehensive budget.</FONT></P>\r\n<P><FONT style=\"FONT-FAMILY: 幼圆; FONT-SIZE: 20px\">Key words: budget management; system; information; strategic goals<BR style=\"FONT-FAMILY: \"></FONT></P>','2013-05-19 21:52:34','Abstract',3),(29,'woshilisi',10,'<P style=\"TEXT-ALIGN: left; LINE-HEIGHT: 22pt; TEXT-INDENT: 24pt; MARGIN: 0cm 0cm 0pt; mso-char-indent-count: 2.0; mso-line-height-rule: exactly; mso-pagination: widow-orphan\" class=MsoNormal align=left><SPAN style=\"FONT-FAMILY: 宋体; FONT-SIZE: 12pt; mso-font-kerning: 0pt; mso-bidi-font-family: 宋体\">河南省大学生程序设计竞赛<FONT size=3><SPAN lang=EN-US>(</SPAN>河南省<SPAN lang=EN-US>ACM)</SPAN>是经<SPAN lang=EN-US>ACM/ICPC</SPAN>亚洲区竞赛组委会授权、河南省计算机学会主办、由河南省各个高校轮流承办的<SPAN lang=EN-US>ACM/ICPC</SPAN>中国<SPAN lang=EN-US>?</SPAN>河南省大学生程序设计竞赛，是河南省内大学生程序设计竞赛方面规模最大的赛事。截止到目前为止，河南省大学生程序设计竞赛已经举办了六届，具体的比赛时间和承办学校如表<SPAN lang=EN-US>1-1</SPAN>所述：<SPAN lang=EN-US><?xml:namespace prefix = o ns = \"urn:schemas-microsoft-com:office:office\" /><o:p></o:p></SPAN></FONT></SPAN></P>\r\n<P style=\"TEXT-ALIGN: center; LINE-HEIGHT: 22pt; MARGIN: 2.5pt 0cm 0pt; mso-line-height-rule: exactly\" class=MsoNormal align=center><SPAN style=\"FONT-FAMILY: 宋体; mso-bidi-font-size: 10.5pt\"><FONT size=3>表<SPAN lang=EN-US> 1-1<SUP>[3]</SUP><o:p></o:p></SPAN></FONT></SPAN></P>\r\n<TABLE style=\"BORDER-BOTTOM: medium none; BORDER-LEFT: medium none; MARGIN: auto auto auto 40.85pt; BORDER-COLLAPSE: collapse; BORDER-TOP: medium none; BORDER-RIGHT: medium none; mso-border-alt: solid windowtext .5pt; mso-padding-alt: 0cm 5.4pt 0cm 5.4pt; mso-border-insideh: .5pt solid windowtext; mso-border-insidev: .5pt solid windowtext\" class=MsoNormalTable border=1 cellSpacing=0 cellPadding=0>\r\n<TBODY>\r\n<TR style=\"mso-yfti-irow: 0; mso-yfti-firstrow: yes\">\r\n<TD style=\"BORDER-BOTTOM: windowtext 1pt solid; BORDER-LEFT: windowtext 1pt solid; PADDING-BOTTOM: 0cm; BACKGROUND-COLOR: transparent; PADDING-LEFT: 5.4pt; WIDTH: 92.15pt; PADDING-RIGHT: 5.4pt; BORDER-TOP: windowtext 1pt solid; BORDER-RIGHT: windowtext 1pt solid; PADDING-TOP: 0cm; mso-border-alt: solid windowtext .5pt\" vAlign=top width=123>\r\n<P style=\"TEXT-ALIGN: center; MARGIN: 0cm 0cm 0pt; mso-pagination: widow-orphan\" class=MsoNormal align=center><B><SPAN style=\"FONT-FAMILY: 宋体; FONT-SIZE: 9pt; mso-font-kerning: 0pt; mso-bidi-font-family: 宋体; mso-bidi-font-size: 12.0pt\">举办期次<SPAN lang=EN-US><o:p></o:p></SPAN></SPAN></B></P></TD>\r\n<TD style=\"BORDER-BOTTOM: windowtext 1pt solid; BORDER-LEFT: #f0f0f0; PADDING-BOTTOM: 0cm; BACKGROUND-COLOR: transparent; PADDING-LEFT: 5.4pt; WIDTH: 83.35pt; PADDING-RIGHT: 5.4pt; BORDER-TOP: windowtext 1pt solid; BORDER-RIGHT: windowtext 1pt solid; PADDING-TOP: 0cm; mso-border-alt: solid windowtext .5pt; mso-border-left-alt: solid windowtext .5pt\" vAlign=top width=111>\r\n<P style=\"TEXT-ALIGN: center; MARGIN: 0cm 0cm 0pt; mso-pagination: widow-orphan\" class=MsoNormal align=center><B><SPAN style=\"FONT-FAMILY: 宋体; FONT-SIZE: 9pt; mso-font-kerning: 0pt; mso-bidi-font-family: 宋体; mso-bidi-font-size: 12.0pt\">主办方<SPAN lang=EN-US><o:p></o:p></SPAN></SPAN></B></P></TD>\r\n<TD style=\"BORDER-BOTTOM: windowtext 1pt solid; BORDER-LEFT: #f0f0f0; PADDING-BOTTOM: 0cm; BACKGROUND-COLOR: transparent; PADDING-LEFT: 5.4pt; WIDTH: 58.4pt; PADDING-RIGHT: 5.4pt; BORDER-TOP: windowtext 1pt solid; BORDER-RIGHT: windowtext 1pt solid; PADDING-TOP: 0cm; mso-border-alt: solid windowtext .5pt; mso-border-left-alt: solid windowtext .5pt\" vAlign=top width=78>\r\n<P style=\"TEXT-ALIGN: center; MARGIN: 0cm 0cm 0pt; mso-pagination: widow-orphan\" class=MsoNormal align=center><B><SPAN style=\"FONT-FAMILY: 宋体; FONT-SIZE: 9pt; mso-font-kerning: 0pt; mso-bidi-font-family: 宋体; mso-bidi-font-size: 12.0pt\">举办时间<SPAN lang=EN-US><o:p></o:p></SPAN></SPAN></B></P></TD>\r\n<TD style=\"BORDER-BOTTOM: windowtext 1pt solid; BORDER-LEFT: #f0f0f0; PADDING-BOTTOM: 0cm; BACKGROUND-COLOR: transparent; PADDING-LEFT: 5.4pt; WIDTH: 106.3pt; PADDING-RIGHT: 5.4pt; BORDER-TOP: windowtext 1pt solid; BORDER-RIGHT: windowtext 1pt solid; PADDING-TOP: 0cm; mso-border-alt: solid windowtext .5pt; mso-border-left-alt: solid windowtext .5pt\" vAlign=top width=142>\r\n<P style=\"TEXT-ALIGN: center; MARGIN: 0cm 0cm 0pt; mso-pagination: widow-orphan\" class=MsoNormal align=center><B><SPAN style=\"FONT-FAMILY: 宋体; FONT-SIZE: 9pt; mso-font-kerning: 0pt; mso-bidi-font-family: 宋体; mso-bidi-font-size: 12.0pt\">承办学校<SPAN lang=EN-US><o:p></o:p></SPAN></SPAN></B></P></TD></TR>\r\n<TR style=\"mso-yfti-irow: 1\">\r\n<TD style=\"BORDER-BOTTOM: windowtext 1pt solid; BORDER-LEFT: windowtext 1pt solid; PADDING-BOTTOM: 0cm; BACKGROUND-COLOR: transparent; PADDING-LEFT: 5.4pt; WIDTH: 92.15pt; PADDING-RIGHT: 5.4pt; BORDER-TOP: #f0f0f0; BORDER-RIGHT: windowtext 1pt solid; PADDING-TOP: 0cm; mso-border-alt: solid windowtext .5pt; mso-border-top-alt: solid windowtext .5pt\" vAlign=top width=123>\r\n<P style=\"TEXT-ALIGN: left; MARGIN: 0cm 0cm 0pt; mso-pagination: widow-orphan\" class=MsoNormal align=left><SPAN style=\"FONT-FAMILY: 宋体; FONT-SIZE: 9pt; mso-font-kerning: 0pt; mso-bidi-font-family: 宋体; mso-bidi-font-size: 12.0pt\">河南省第一届大学生程序设计大赛<SPAN lang=EN-US><o:p></o:p></SPAN></SPAN></P></TD>\r\n<TD style=\"BORDER-BOTTOM: windowtext 1pt solid; BORDER-LEFT: #f0f0f0; PADDING-BOTTOM: 0cm; BACKGROUND-COLOR: transparent; PADDING-LEFT: 5.4pt; WIDTH: 83.35pt; PADDING-RIGHT: 5.4pt; BORDER-TOP: #f0f0f0; BORDER-RIGHT: windowtext 1pt solid; PADDING-TOP: 0cm; mso-border-alt: solid windowtext .5pt; mso-border-left-alt: solid windowtext .5pt; mso-border-top-alt: solid windowtext .5pt\" vAlign=top width=111>\r\n<P style=\"TEXT-ALIGN: left; MARGIN: 0cm 0cm 0pt; mso-pagination: widow-orphan\" class=MsoNormal align=left><SPAN style=\"FONT-FAMILY: 宋体; FONT-SIZE: 9pt; mso-font-kerning: 0pt; mso-bidi-font-family: 宋体; mso-bidi-font-size: 12.0pt\">河南省计算机学会<SPAN lang=EN-US><o:p></o:p></SPAN></SPAN></P></TD>\r\n<TD style=\"BORDER-BOTTOM: windowtext 1pt solid; BORDER-LEFT: #f0f0f0; PADDING-BOTTOM: 0cm; BACKGROUND-COLOR: transparent; PADDING-LEFT: 5.4pt; WIDTH: 58.4pt; PADDING-RIGHT: 5.4pt; BORDER-TOP: #f0f0f0; BORDER-RIGHT: windowtext 1pt solid; PADDING-TOP: 0cm; mso-border-alt: solid windowtext .5pt; mso-border-left-alt: solid windowtext .5pt; mso-border-top-alt: solid windowtext .5pt\" vAlign=top width=78>\r\n<P style=\"TEXT-ALIGN: left; MARGIN: 0cm 0cm 0pt; mso-pagination: widow-orphan\" class=MsoNormal align=left><SPAN style=\"FONT-FAMILY: 宋体; FONT-SIZE: 9pt; mso-font-kerning: 0pt; mso-bidi-font-family: 宋体; mso-bidi-font-size: 12.0pt\" lang=EN-US>2008.5.18<o:p></o:p></SPAN></P></TD>\r\n<TD style=\"BORDER-BOTTOM: windowtext 1pt solid; BORDER-LEFT: #f0f0f0; PADDING-BOTTOM: 0cm; BACKGROUND-COLOR: transparent; PADDING-LEFT: 5.4pt; WIDTH: 106.3pt; PADDING-RIGHT: 5.4pt; BORDER-TOP: #f0f0f0; BORDER-RIGHT: windowtext 1pt solid; PADDING-TOP: 0cm; mso-border-alt: solid windowtext .5pt; mso-border-left-alt: solid windowtext .5pt; mso-border-top-alt: solid windowtext .5pt\" vAlign=top width=142>\r\n<P style=\"TEXT-ALIGN: left; MARGIN: 0cm 0cm 0pt; mso-pagination: widow-orphan\" class=MsoNormal align=left><SPAN style=\"FONT-FAMILY: 宋体; FONT-SIZE: 9pt; mso-font-kerning: 0pt; mso-bidi-font-family: 宋体; mso-bidi-font-size: 12.0pt\">郑州大学信息工程学院<SPAN lang=EN-US><o:p></o:p></SPAN></SPAN></P></TD></TR>\r\n<TR style=\"mso-yfti-irow: 2\">\r\n<TD style=\"BORDER-BOTTOM: windowtext 1pt solid; BORDER-LEFT: windowtext 1pt solid; PADDING-BOTTOM: 0cm; BACKGROUND-COLOR: transparent; PADDING-LEFT: 5.4pt; WIDTH: 92.15pt; PADDING-RIGHT: 5.4pt; BORDER-TOP: #f0f0f0; BORDER-RIGHT: windowtext 1pt solid; PADDING-TOP: 0cm; mso-border-alt: solid windowtext .5pt; mso-border-top-alt: solid windowtext .5pt\" vAlign=top width=123>\r\n<P style=\"TEXT-ALIGN: left; MARGIN: 0cm 0cm 0pt; mso-pagination: widow-orphan\" class=MsoNormal align=left><SPAN style=\"FONT-FAMILY: 宋体; FONT-SIZE: 9pt; mso-font-kerning: 0pt; mso-bidi-font-family: 宋体; mso-bidi-font-size: 12.0pt\">河南省第二届大学生程序设计大赛<SPAN lang=EN-US><o:p></o:p></SPAN></SPAN></P></TD>\r\n<TD style=\"BORDER-BOTTOM: windowtext 1pt solid; BORDER-LEFT: #f0f0f0; PADDING-BOTTOM: 0cm; BACKGROUND-COLOR: transparent; PADDING-LEFT: 5.4pt; WIDTH: 83.35pt; PADDING-RIGHT: 5.4pt; BORDER-TOP: #f0f0f0; BORDER-RIGHT: windowtext 1pt solid; PADDING-TOP: 0cm; mso-border-alt: solid windowtext .5pt; mso-border-left-alt: solid windowtext .5pt; mso-border-top-alt: solid windowtext .5pt\" vAlign=top width=111>\r\n<P style=\"TEXT-ALIGN: left; MARGIN: 0cm 0cm 0pt; mso-pagination: widow-orphan\" class=MsoNormal align=left><SPAN style=\"FONT-FAMILY: 宋体; FONT-SIZE: 9pt; mso-font-kerning: 0pt; mso-bidi-font-family: 宋体; mso-bidi-font-size: 12.0pt\">河南省计算机学会<SPAN lang=EN-US><o:p></o:p></SPAN></SPAN></P></TD>\r\n<TD style=\"BORDER-BOTTOM: windowtext 1pt solid; BORDER-LEFT: #f0f0f0; PADDING-BOTTOM: 0cm; BACKGROUND-COLOR: transparent; PADDING-LEFT: 5.4pt; WIDTH: 58.4pt; PADDING-RIGHT: 5.4pt; BORDER-TOP: #f0f0f0; BORDER-RIGHT: windowtext 1pt solid; PADDING-TOP: 0cm; mso-border-alt: solid windowtext .5pt; mso-border-left-alt: solid windowtext .5pt; mso-border-top-alt: solid windowtext .5pt\" vAlign=top width=78>\r\n<P style=\"TEXT-ALIGN: left; MARGIN: 0cm 0cm 0pt; mso-pagination: widow-orphan\" class=MsoNormal align=left><SPAN style=\"FONT-FAMILY: 宋体; FONT-SIZE: 9pt; mso-font-kerning: 0pt; mso-bidi-font-family: 宋体; mso-bidi-font-size: 12.0pt\" lang=EN-US>2009.5.17<o:p></o:p></SPAN></P></TD>\r\n<TD style=\"BORDER-BOTTOM: windowtext 1pt solid; BORDER-LEFT: #f0f0f0; PADDING-BOTTOM: 0cm; BACKGROUND-COLOR: transparent; PADDING-LEFT: 5.4pt; WIDTH: 106.3pt; PADDING-RIGHT: 5.4pt; BORDER-TOP: #f0f0f0; BORDER-RIGHT: windowtext 1pt solid; PADDING-TOP: 0cm; mso-border-alt: solid windowtext .5pt; mso-border-left-alt: solid windowtext .5pt; mso-border-top-alt: solid windowtext .5pt\" vAlign=top width=142>\r\n<P style=\"TEXT-ALIGN: left; MARGIN: 0cm 0cm 0pt; mso-pagination: widow-orphan\" class=MsoNormal align=left><SPAN style=\"FONT-FAMILY: 宋体; FONT-SIZE: 9pt; mso-font-kerning: 0pt; mso-bidi-font-family: 宋体; mso-bidi-font-size: 12.0pt\">河南师范大学计算机与信息技术学院<SPAN lang=EN-US><o:p></o:p></SPAN></SPAN></P></TD></TR>\r\n<TR style=\"mso-yfti-irow: 3\">\r\n<TD style=\"BORDER-BOTTOM: windowtext 1pt solid; BORDER-LEFT: windowtext 1pt solid; PADDING-BOTTOM: 0cm; BACKGROUND-COLOR: transparent; PADDING-LEFT: 5.4pt; WIDTH: 92.15pt; PADDING-RIGHT: 5.4pt; BORDER-TOP: #f0f0f0; BORDER-RIGHT: windowtext 1pt solid; PADDING-TOP: 0cm; mso-border-alt: solid windowtext .5pt; mso-border-top-alt: solid windowtext .5pt\" vAlign=top width=123>\r\n<P style=\"TEXT-ALIGN: left; MARGIN: 0cm 0cm 0pt; mso-pagination: widow-orphan\" class=MsoNormal align=left><SPAN style=\"FONT-FAMILY: 宋体; FONT-SIZE: 9pt; mso-font-kerning: 0pt; mso-bidi-font-family: 宋体; mso-bidi-font-size: 12.0pt\">河南省第三届大学生程序设计大赛<SPAN lang=EN-US><o:p></o:p></SPAN></SPAN></P></TD>\r\n<TD style=\"BORDER-BOTTOM: windowtext 1pt solid; BORDER-LEFT: #f0f0f0; PADDING-BOTTOM: 0cm; BACKGROUND-COLOR: transparent; PADDING-LEFT: 5.4pt; WIDTH: 83.35pt; PADDING-RIGHT: 5.4pt; BORDER-TOP: #f0f0f0; BORDER-RIGHT: windowtext 1pt solid; PADDING-TOP: 0cm; mso-border-alt: solid windowtext .5pt; mso-border-left-alt: solid windowtext .5pt; mso-border-top-alt: solid windowtext .5pt\" vAlign=top width=111>\r\n<P style=\"TEXT-ALIGN: left; MARGIN: 0cm 0cm 0pt; mso-pagination: widow-orphan\" class=MsoNormal align=left><SPAN style=\"FONT-FAMILY: 宋体; FONT-SIZE: 9pt; mso-font-kerning: 0pt; mso-bidi-font-family: 宋体; mso-bidi-font-size: 12.0pt\">河南省计算机学会<SPAN lang=EN-US><o:p></o:p></SPAN></SPAN></P></TD>\r\n<TD style=\"BORDER-BOTTOM: windowtext 1pt solid; BORDER-LEFT: #f0f0f0; PADDING-BOTTOM: 0cm; BACKGROUND-COLOR: transparent; PADDING-LEFT: 5.4pt; WIDTH: 58.4pt; PADDING-RIGHT: 5.4pt; BORDER-TOP: #f0f0f0; BORDER-RIGHT: windowtext 1pt solid; PADDING-TOP: 0cm; mso-border-alt: solid windowtext .5pt; mso-border-left-alt: solid windowtext .5pt; mso-border-top-alt: solid windowtext .5pt\" vAlign=top width=78>\r\n<P style=\"TEXT-ALIGN: left; MARGIN: 0cm 0cm 0pt; mso-pagination: widow-orphan\" class=MsoNormal align=left><SPAN style=\"FONT-FAMILY: 宋体; FONT-SIZE: 9pt; mso-font-kerning: 0pt; mso-bidi-font-family: 宋体; mso-bidi-font-size: 12.0pt\" lang=EN-US>2010.5.16<o:p></o:p></SPAN></P></TD>\r\n<TD style=\"BORDER-BOTTOM: windowtext 1pt solid; BORDER-LEFT: #f0f0f0; PADDING-BOTTOM: 0cm; BACKGROUND-COLOR: transparent; PADDING-LEFT: 5.4pt; WIDTH: 106.3pt; PADDING-RIGHT: 5.4pt; BORDER-TOP: #f0f0f0; BORDER-RIGHT: windowtext 1pt solid; PADDING-TOP: 0cm; mso-border-alt: solid windowtext .5pt; mso-border-left-alt: solid windowtext .5pt; mso-border-top-alt: solid windowtext .5pt\" vAlign=top width=142>\r\n<P style=\"TEXT-ALIGN: left; MARGIN: 0cm 0cm 0pt; mso-pagination: widow-orphan\" class=MsoNormal align=left><SPAN style=\"FONT-FAMILY: 宋体; FONT-SIZE: 9pt; mso-font-kerning: 0pt; mso-bidi-font-family: 宋体; mso-bidi-font-size: 12.0pt\">河南理工大学<SPAN lang=EN-US><o:p></o:p></SPAN></SPAN></P></TD></TR>\r\n<TR style=\"mso-yfti-irow: 4\">\r\n<TD style=\"BORDER-BOTTOM: windowtext 1pt solid; BORDER-LEFT: windowtext 1pt solid; PADDING-BOTTOM: 0cm; BACKGROUND-COLOR: transparent; PADDING-LEFT: 5.4pt; WIDTH: 92.15pt; PADDING-RIGHT: 5.4pt; BORDER-TOP: #f0f0f0; BORDER-RIGHT: windowtext 1pt solid; PADDING-TOP: 0cm; mso-border-alt: solid windowtext .5pt; mso-border-top-alt: solid windowtext .5pt\" vAlign=top width=123>\r\n<P style=\"TEXT-ALIGN: left; MARGIN: 0cm 0cm 0pt; mso-pagination: widow-orphan\" class=MsoNormal align=left><SPAN style=\"FONT-FAMILY: 宋体; FONT-SIZE: 9pt; mso-font-kerning: 0pt; mso-bidi-font-family: 宋体; mso-bidi-font-size: 12.0pt\">河南省第四届大学生程序设计大赛<SPAN lang=EN-US><o:p></o:p></SPAN></SPAN></P></TD>\r\n<TD style=\"BORDER-BOTTOM: windowtext 1pt solid; BORDER-LEFT: #f0f0f0; PADDING-BOTTOM: 0cm; BACKGROUND-COLOR: transparent; PADDING-LEFT: 5.4pt; WIDTH: 83.35pt; PADDING-RIGHT: 5.4pt; BORDER-TOP: #f0f0f0; BORDER-RIGHT: windowtext 1pt solid; PADDING-TOP: 0cm; mso-border-alt: solid windowtext .5pt; mso-border-left-alt: solid windowtext .5pt; mso-border-top-alt: solid windowtext .5pt\" vAlign=top width=111>\r\n<P style=\"TEXT-ALIGN: left; MARGIN: 0cm 0cm 0pt; mso-pagination: widow-orphan\" class=MsoNormal align=left><SPAN style=\"FONT-FAMILY: 宋体; FONT-SIZE: 9pt; mso-font-kerning: 0pt; mso-bidi-font-family: 宋体; mso-bidi-font-size: 12.0pt\">河南省计算机学会<SPAN lang=EN-US><o:p></o:p></SPAN></SPAN></P></TD>\r\n<TD style=\"BORDER-BOTTOM: windowtext 1pt solid; BORDER-LEFT: #f0f0f0; PADDING-BOTTOM: 0cm; BACKGROUND-COLOR: transparent; PADDING-LEFT: 5.4pt; WIDTH: 58.4pt; PADDING-RIGHT: 5.4pt; BORDER-TOP: #f0f0f0; BORDER-RIGHT: windowtext 1pt solid; PADDING-TOP: 0cm; mso-border-alt: solid windowtext .5pt; mso-border-left-alt: solid windowtext .5pt; mso-border-top-alt: solid windowtext .5pt\" vAlign=top width=78>\r\n<P style=\"TEXT-ALIGN: left; MARGIN: 0cm 0cm 0pt; mso-pagination: widow-orphan\" class=MsoNormal align=left><SPAN style=\"FONT-FAMILY: 宋体; FONT-SIZE: 9pt; mso-font-kerning: 0pt; mso-bidi-font-family: 宋体; mso-bidi-font-size: 12.0pt\" lang=EN-US>2011.5.21<o:p></o:p></SPAN></P></TD>\r\n<TD style=\"BORDER-BOTTOM: windowtext 1pt solid; BORDER-LEFT: #f0f0f0; PADDING-BOTTOM: 0cm; BACKGROUND-COLOR: transparent; PADDING-LEFT: 5.4pt; WIDTH: 106.3pt; PADDING-RIGHT: 5.4pt; BORDER-TOP: #f0f0f0; BORDER-RIGHT: windowtext 1pt solid; PADDING-TOP: 0cm; mso-border-alt: solid windowtext .5pt; mso-border-left-alt: solid windowtext .5pt; mso-border-top-alt: solid windowtext .5pt\" vAlign=top width=142>\r\n<P style=\"TEXT-ALIGN: left; MARGIN: 0cm 0cm 0pt; mso-pagination: widow-orphan\" class=MsoNormal align=left><SPAN style=\"FONT-FAMILY: 宋体; FONT-SIZE: 9pt; mso-font-kerning: 0pt; mso-bidi-font-family: 宋体; mso-bidi-font-size: 12.0pt\">河南科技大学<SPAN lang=EN-US><o:p></o:p></SPAN></SPAN></P></TD></TR>\r\n<TR style=\"mso-yfti-irow: 5\">\r\n<TD style=\"BORDER-BOTTOM: windowtext 1pt solid; BORDER-LEFT: windowtext 1pt solid; PADDING-BOTTOM: 0cm; BACKGROUND-COLOR: transparent; PADDING-LEFT: 5.4pt; WIDTH: 92.15pt; PADDING-RIGHT: 5.4pt; BORDER-TOP: #f0f0f0; BORDER-RIGHT: windowtext 1pt solid; PADDING-TOP: 0cm; mso-border-alt: solid windowtext .5pt; mso-border-top-alt: solid windowtext .5pt\" vAlign=top width=123>\r\n<P style=\"TEXT-ALIGN: left; MARGIN: 0cm 0cm 0pt; mso-pagination: widow-orphan\" class=MsoNormal align=left><SPAN style=\"FONT-FAMILY: 宋体; FONT-SIZE: 9pt; mso-font-kerning: 0pt; mso-bidi-font-family: 宋体; mso-bidi-font-size: 12.0pt\">河南省第五届大学生程序设计大赛<SPAN lang=EN-US><o:p></o:p></SPAN></SPAN></P></TD>\r\n<TD style=\"BORDER-BOTTOM: windowtext 1pt solid; BORDER-LEFT: #f0f0f0; PADDING-BOTTOM: 0cm; BACKGROUND-COLOR: transparent; PADDING-LEFT: 5.4pt; WIDTH: 83.35pt; PADDING-RIGHT: 5.4pt; BORDER-TOP: #f0f0f0; BORDER-RIGHT: windowtext 1pt solid; PADDING-TOP: 0cm; mso-border-alt: solid windowtext .5pt; mso-border-left-alt: solid windowtext .5pt; mso-border-top-alt: solid windowtext .5pt\" vAlign=top width=111>\r\n<P style=\"TEXT-ALIGN: left; MARGIN: 0cm 0cm 0pt; mso-pagination: widow-orphan\" class=MsoNormal align=left><SPAN style=\"FONT-FAMILY: 宋体; FONT-SIZE: 9pt; mso-font-kerning: 0pt; mso-bidi-font-family: 宋体; mso-bidi-font-size: 12.0pt\">河南省计算机学会<SPAN lang=EN-US><o:p></o:p></SPAN></SPAN></P></TD>\r\n<TD style=\"BORDER-BOTTOM: windowtext 1pt solid; BORDER-LEFT: #f0f0f0; PADDING-BOTTOM: 0cm; BACKGROUND-COLOR: transparent; PADDING-LEFT: 5.4pt; WIDTH: 58.4pt; PADDING-RIGHT: 5.4pt; BORDER-TOP: #f0f0f0; BORDER-RIGHT: windowtext 1pt solid; PADDING-TOP: 0cm; mso-border-alt: solid windowtext .5pt; mso-border-left-alt: solid windowtext .5pt; mso-border-top-alt: solid windowtext .5pt\" vAlign=top width=78>\r\n<P style=\"TEXT-ALIGN: left; MARGIN: 0cm 0cm 0pt; mso-pagination: widow-orphan\" class=MsoNormal align=left><SPAN style=\"FONT-FAMILY: 宋体; FONT-SIZE: 9pt; mso-font-kerning: 0pt; mso-bidi-font-family: 宋体; mso-bidi-font-size: 12.0pt\" lang=EN-US>2012.5.12<o:p></o:p></SPAN></P></TD>\r\n<TD style=\"BORDER-BOTTOM: windowtext 1pt solid; BORDER-LEFT: #f0f0f0; PADDING-BOTTOM: 0cm; BACKGROUND-COLOR: transparent; PADDING-LEFT: 5.4pt; WIDTH: 106.3pt; PADDING-RIGHT: 5.4pt; BORDER-TOP: #f0f0f0; BORDER-RIGHT: windowtext 1pt solid; PADDING-TOP: 0cm; mso-border-alt: solid windowtext .5pt; mso-border-left-alt: solid windowtext .5pt; mso-border-top-alt: solid windowtext .5pt\" vAlign=top width=142>\r\n<P style=\"TEXT-ALIGN: left; MARGIN: 0cm 0cm 0pt; mso-pagination: widow-orphan\" class=MsoNormal align=left><SPAN style=\"FONT-FAMILY: 宋体; FONT-SIZE: 9pt; mso-font-kerning: 0pt; mso-bidi-font-family: 宋体; mso-bidi-font-size: 12.0pt\">郑州轻工业学院<SPAN lang=EN-US><o:p></o:p></SPAN></SPAN></P></TD></TR>\r\n<TR style=\"mso-yfti-irow: 6; mso-yfti-lastrow: yes\">\r\n<TD style=\"BORDER-BOTTOM: windowtext 1pt solid; BORDER-LEFT: windowtext 1pt solid; PADDING-BOTTOM: 0cm; BACKGROUND-COLOR: transparent; PADDING-LEFT: 5.4pt; WIDTH: 92.15pt; PADDING-RIGHT: 5.4pt; BORDER-TOP: #f0f0f0; BORDER-RIGHT: windowtext 1pt solid; PADDING-TOP: 0cm; mso-border-alt: solid windowtext .5pt; mso-border-top-alt: solid windowtext .5pt\" vAlign=top width=123>\r\n<P style=\"TEXT-ALIGN: left; MARGIN: 0cm 0cm 0pt; mso-pagination: widow-orphan; mso-line-height-alt: 0pt\" class=MsoNormal align=left><SPAN style=\"FONT-FAMILY: 宋体; FONT-SIZE: 9pt; mso-font-kerning: 0pt; mso-bidi-font-family: 宋体; mso-bidi-font-size: 12.0pt\">河南省第六届大学生程序设计大赛<SPAN lang=EN-US><o:p></o:p></SPAN></SPAN></P></TD>\r\n<TD style=\"BORDER-BOTTOM: windowtext 1pt solid; BORDER-LEFT: #f0f0f0; PADDING-BOTTOM: 0cm; BACKGROUND-COLOR: transparent; PADDING-LEFT: 5.4pt; WIDTH: 83.35pt; PADDING-RIGHT: 5.4pt; BORDER-TOP: #f0f0f0; BORDER-RIGHT: windowtext 1pt solid; PADDING-TOP: 0cm; mso-border-alt: solid windowtext .5pt; mso-border-left-alt: solid windowtext .5pt; mso-border-top-alt: solid windowtext .5pt\" vAlign=top width=111>\r\n<P style=\"TEXT-ALIGN: left; MARGIN: 0cm 0cm 0pt; mso-pagination: widow-orphan; mso-line-height-alt: 0pt\" class=MsoNormal align=left><SPAN style=\"FONT-FAMILY: 宋体; FONT-SIZE: 9pt; mso-font-kerning: 0pt; mso-bidi-font-family: 宋体; mso-bidi-font-size: 12.0pt\">河南省计算机学会<SPAN lang=EN-US><o:p></o:p></SPAN></SPAN></P></TD>\r\n<TD style=\"BORDER-BOTTOM: windowtext 1pt solid; BORDER-LEFT: #f0f0f0; PADDING-BOTTOM: 0cm; BACKGROUND-COLOR: transparent; PADDING-LEFT: 5.4pt; WIDTH: 58.4pt; PADDING-RIGHT: 5.4pt; BORDER-TOP: #f0f0f0; BORDER-RIGHT: windowtext 1pt solid; PADDING-TOP: 0cm; mso-border-alt: solid windowtext .5pt; mso-border-left-alt: solid windowtext .5pt; mso-border-top-alt: solid windowtext .5pt\" vAlign=top width=78>\r\n<P style=\"TEXT-ALIGN: left; MARGIN: 0cm 0cm 0pt; mso-pagination: widow-orphan; mso-line-height-alt: 0pt\" class=MsoNormal align=left><SPAN style=\"FONT-FAMILY: 宋体; FONT-SIZE: 9pt; mso-font-kerning: 0pt; mso-bidi-font-family: 宋体; mso-bidi-font-size: 12.0pt\" lang=EN-US>2013.5.12<o:p></o:p></SPAN></P></TD>\r\n<TD style=\"BORDER-BOTTOM: windowtext 1pt solid; BORDER-LEFT: #f0f0f0; PADDING-BOTTOM: 0cm; BACKGROUND-COLOR: transparent; PADDING-LEFT: 5.4pt; WIDTH: 106.3pt; PADDING-RIGHT: 5.4pt; BORDER-TOP: #f0f0f0; BORDER-RIGHT: windowtext 1pt solid; PADDING-TOP: 0cm; mso-border-alt: solid windowtext .5pt; mso-border-left-alt: solid windowtext .5pt; mso-border-top-alt: solid windowtext .5pt\" vAlign=top width=142>\r\n<P style=\"TEXT-ALIGN: left; MARGIN: 0cm 0cm 0pt; mso-pagination: widow-orphan; mso-line-height-alt: 0pt\" class=MsoNormal align=left><SPAN style=\"FONT-FAMILY: 宋体; FONT-SIZE: 9pt; mso-font-kerning: 0pt; mso-bidi-font-family: 宋体; mso-bidi-font-size: 12.0pt\">南阳理工学院<SPAN lang=EN-US><o:p></o:p></SPAN></SPAN></P></TD></TR></TBODY></TABLE>\r\n<P style=\"LINE-HEIGHT: 22pt; TEXT-INDENT: 24pt; MARGIN: 2.5pt 0cm 0pt; mso-char-indent-count: 2.0; mso-line-height-rule: exactly\" class=MsoNormal><SPAN style=\"FONT-FAMILY: 宋体; FONT-SIZE: 12pt\">而黄淮学院在河南赛区也是积极备战，并且取得了理想优异的成绩。学院在</SPAN><SPAN style=\"FONT-FAMILY: 宋体; FONT-SIZE: 12pt; mso-font-kerning: 0pt; mso-bidi-font-family: 宋体\">河南省大学生程序设计竞赛中取得的成绩如表<FONT size=3><SPAN lang=EN-US>1-2</SPAN>所示。<SPAN lang=EN-US><o:p></o:p></SPAN></FONT></SPAN></P>\r\n<P style=\"TEXT-ALIGN: center; LINE-HEIGHT: 22pt; MARGIN: 2.5pt 0cm 0pt; mso-line-height-rule: exactly\" class=MsoNormal align=center><SPAN style=\"FONT-FAMILY: 宋体; mso-bidi-font-size: 10.5pt\"><FONT size=3>表<SPAN lang=EN-US>1-2<o:p></o:p></SPAN></FONT></SPAN></P>\r\n<TABLE style=\"BORDER-BOTTOM: medium none; BORDER-LEFT: medium none; MARGIN: auto auto auto 40.85pt; BORDER-COLLAPSE: collapse; BORDER-TOP: medium none; BORDER-RIGHT: medium none; mso-border-alt: solid windowtext .5pt; mso-padding-alt: 0cm 5.4pt 0cm 5.4pt; mso-border-insideh: .5pt solid windowtext; mso-border-insidev: .5pt solid windowtext\" class=MsoNormalTable border=1 cellSpacing=0 cellPadding=0>\r\n<TBODY>\r\n<TR style=\"mso-yfti-irow: 0; mso-yfti-firstrow: yes\">\r\n<TD style=\"BORDER-BOTTOM: windowtext 1pt solid; BORDER-LEFT: windowtext 1pt solid; PADDING-BOTTOM: 0cm; BACKGROUND-COLOR: transparent; PADDING-LEFT: 5.4pt; WIDTH: 92.15pt; PADDING-RIGHT: 5.4pt; BORDER-TOP: windowtext 1pt solid; BORDER-RIGHT: windowtext 1pt solid; PADDING-TOP: 0cm; mso-border-alt: solid windowtext .5pt\" vAlign=top width=123>\r\n<P style=\"TEXT-ALIGN: center; MARGIN: 0cm 0cm 0pt; mso-pagination: widow-orphan\" class=MsoNormal align=center><B><SPAN style=\"FONT-FAMILY: 宋体; FONT-SIZE: 9pt; mso-font-kerning: 0pt; mso-bidi-font-family: 宋体\">举办期次<SPAN lang=EN-US><o:p></o:p></SPAN></SPAN></B></P></TD>\r\n<TD style=\"BORDER-BOTTOM: windowtext 1pt solid; BORDER-LEFT: #f0f0f0; PADDING-BOTTOM: 0cm; BACKGROUND-COLOR: transparent; PADDING-LEFT: 5.4pt; WIDTH: 63.8pt; PADDING-RIGHT: 5.4pt; BORDER-TOP: windowtext 1pt solid; BORDER-RIGHT: windowtext 1pt solid; PADDING-TOP: 0cm; mso-border-alt: solid windowtext .5pt; mso-border-left-alt: solid windowtext .5pt\" vAlign=top width=85>\r\n<P style=\"TEXT-ALIGN: center; MARGIN: 0cm 0cm 0pt; mso-pagination: widow-orphan\" class=MsoNormal align=center><B><SPAN style=\"FONT-FAMILY: 宋体; FONT-SIZE: 9pt; mso-font-kerning: 0pt; mso-bidi-font-family: 宋体\">参赛时间<SPAN lang=EN-US><o:p></o:p></SPAN></SPAN></B></P></TD>\r\n<TD style=\"BORDER-BOTTOM: windowtext 1pt solid; BORDER-LEFT: #f0f0f0; PADDING-BOTTOM: 0cm; BACKGROUND-COLOR: transparent; PADDING-LEFT: 5.4pt; WIDTH: 106.3pt; PADDING-RIGHT: 5.4pt; BORDER-TOP: windowtext 1pt solid; BORDER-RIGHT: windowtext 1pt solid; PADDING-TOP: 0cm; mso-border-alt: solid windowtext .5pt; mso-border-left-alt: solid windowtext .5pt\" vAlign=top width=142>\r\n<P style=\"TEXT-ALIGN: center; MARGIN: 0cm 0cm 0pt; mso-pagination: widow-orphan\" class=MsoNormal align=center><B><SPAN style=\"FONT-FAMILY: 宋体; FONT-SIZE: 9pt; mso-font-kerning: 0pt; mso-bidi-font-family: 宋体\">承办学校<SPAN lang=EN-US><o:p></o:p></SPAN></SPAN></B></P></TD>\r\n<TD style=\"BORDER-BOTTOM: windowtext 1pt solid; BORDER-LEFT: #f0f0f0; PADDING-BOTTOM: 0cm; BACKGROUND-COLOR: transparent; PADDING-LEFT: 5.4pt; WIDTH: 77.95pt; PADDING-RIGHT: 5.4pt; BORDER-TOP: windowtext 1pt solid; BORDER-RIGHT: windowtext 1pt solid; PADDING-TOP: 0cm; mso-border-alt: solid windowtext .5pt; mso-border-left-alt: solid windowtext .5pt\" vAlign=top width=104>\r\n<P style=\"TEXT-ALIGN: center; MARGIN: 0cm 0cm 0pt; mso-pagination: widow-orphan\" class=MsoNormal align=center><B><SPAN style=\"FONT-FAMILY: 宋体; FONT-SIZE: 9pt; mso-font-kerning: 0pt; mso-bidi-font-family: 宋体\">获得奖项<SPAN lang=EN-US><o:p></o:p></SPAN></SPAN></B></P></TD></TR>\r\n<TR style=\"mso-yfti-irow: 1\">\r\n<TD style=\"BORDER-BOTTOM: windowtext 1pt solid; BORDER-LEFT: windowtext 1pt solid; PADDING-BOTTOM: 0cm; BACKGROUND-COLOR: transparent; PADDING-LEFT: 5.4pt; WIDTH: 92.15pt; PADDING-RIGHT: 5.4pt; BORDER-TOP: #f0f0f0; BORDER-RIGHT: windowtext 1pt solid; PADDING-TOP: 0cm; mso-border-alt: solid windowtext .5pt; mso-border-top-alt: solid windowtext .5pt\" vAlign=top width=123>\r\n<P style=\"TEXT-ALIGN: left; MARGIN: 0cm 0cm 0pt; mso-pagination: widow-orphan\" class=MsoNormal align=left><SPAN style=\"FONT-FAMILY: 宋体; FONT-SIZE: 9pt; mso-font-kerning: 0pt; mso-bidi-font-family: 宋体\">河南省第一届大学生程序设计大赛<SPAN lang=EN-US><o:p></o:p></SPAN></SPAN></P></TD>\r\n<TD style=\"BORDER-BOTTOM: windowtext 1pt solid; BORDER-LEFT: #f0f0f0; PADDING-BOTTOM: 0cm; BACKGROUND-COLOR: transparent; PADDING-LEFT: 5.4pt; WIDTH: 63.8pt; PADDING-RIGHT: 5.4pt; BORDER-TOP: #f0f0f0; BORDER-RIGHT: windowtext 1pt solid; PADDING-TOP: 0cm; mso-border-alt: solid windowtext .5pt; mso-border-left-alt: solid windowtext .5pt; mso-border-top-alt: solid windowtext .5pt\" vAlign=top width=85>\r\n<P style=\"TEXT-ALIGN: left; MARGIN: 0cm 0cm 0pt; mso-pagination: widow-orphan\" class=MsoNormal align=left><SPAN style=\"FONT-FAMILY: 宋体; FONT-SIZE: 9pt; mso-font-kerning: 0pt; mso-bidi-font-family: 宋体\" lang=EN-US>2008.5.18<o:p></o:p></SPAN></P></TD>\r\n<TD style=\"BORDER-BOTTOM: windowtext 1pt solid; BORDER-LEFT: #f0f0f0; PADDING-BOTTOM: 0cm; BACKGROUND-COLOR: transparent; PADDING-LEFT: 5.4pt; WIDTH: 106.3pt; PADDING-RIGHT: 5.4pt; BORDER-TOP: #f0f0f0; BORDER-RIGHT: windowtext 1pt solid; PADDING-TOP: 0cm; mso-border-alt: solid windowtext .5pt; mso-border-left-alt: solid windowtext .5pt; mso-border-top-alt: solid windowtext .5pt\" vAlign=top width=142>\r\n<P style=\"TEXT-ALIGN: left; MARGIN: 0cm 0cm 0pt; mso-pagination: widow-orphan\" class=MsoNormal align=left><SPAN style=\"FONT-FAMILY: 宋体; FONT-SIZE: 9pt; mso-font-kerning: 0pt; mso-bidi-font-family: 宋体\">郑州大学信息工程学院<SPAN lang=EN-US><o:p></o:p></SPAN></SPAN></P></TD>\r\n<TD style=\"BORDER-BOTTOM: windowtext 1pt solid; BORDER-LEFT: #f0f0f0; PADDING-BOTTOM: 0cm; BACKGROUND-COLOR: transparent; PADDING-LEFT: 5.4pt; WIDTH: 77.95pt; PADDING-RIGHT: 5.4pt; BORDER-TOP: #f0f0f0; BORDER-RIGHT: windowtext 1pt solid; PADDING-TOP: 0cm; mso-border-alt: solid windowtext .5pt; mso-border-left-alt: solid windowtext .5pt; mso-border-top-alt: solid windowtext .5pt\" vAlign=top width=104>\r\n<P style=\"TEXT-ALIGN: left; MARGIN: 0cm 0cm 0pt; mso-pagination: widow-orphan\" class=MsoNormal align=left><SPAN style=\"FONT-FAMILY: 宋体; FONT-SIZE: 9pt; mso-font-kerning: 0pt; mso-bidi-font-family: 宋体\" lang=EN-US><o:p>&nbsp;</o:p></SPAN></P></TD></TR>\r\n<TR style=\"mso-yfti-irow: 2\">\r\n<TD style=\"BORDER-BOTTOM: windowtext 1pt solid; BORDER-LEFT: windowtext 1pt solid; PADDING-BOTTOM: 0cm; BACKGROUND-COLOR: transparent; PADDING-LEFT: 5.4pt; WIDTH: 92.15pt; PADDING-RIGHT: 5.4pt; BORDER-TOP: #f0f0f0; BORDER-RIGHT: windowtext 1pt solid; PADDING-TOP: 0cm; mso-border-alt: solid windowtext .5pt; mso-border-top-alt: solid windowtext .5pt\" vAlign=top width=123>\r\n<P style=\"TEXT-ALIGN: left; MARGIN: 0cm 0cm 0pt; mso-pagination: widow-orphan\" class=MsoNormal align=left><SPAN style=\"FONT-FAMILY: 宋体; FONT-SIZE: 9pt; mso-font-kerning: 0pt; mso-bidi-font-family: 宋体\">河南省第二届大学生程序设计大赛<SPAN lang=EN-US><o:p></o:p></SPAN></SPAN></P></TD>\r\n<TD style=\"BORDER-BOTTOM: windowtext 1pt solid; BORDER-LEFT: #f0f0f0; PADDING-BOTTOM: 0cm; BACKGROUND-COLOR: transparent; PADDING-LEFT: 5.4pt; WIDTH: 63.8pt; PADDING-RIGHT: 5.4pt; BORDER-TOP: #f0f0f0; BORDER-RIGHT: windowtext 1pt solid; PADDING-TOP: 0cm; mso-border-alt: solid windowtext .5pt; mso-border-left-alt: solid windowtext .5pt; mso-border-top-alt: solid windowtext .5pt\" vAlign=top width=85>\r\n<P style=\"TEXT-ALIGN: left; MARGIN: 0cm 0cm 0pt; mso-pagination: widow-orphan\" class=MsoNormal align=left><SPAN style=\"FONT-FAMILY: 宋体; FONT-SIZE: 9pt; mso-font-kerning: 0pt; mso-bidi-font-family: 宋体\" lang=EN-US>2009.5.17<o:p></o:p></SPAN></P></TD>\r\n<TD style=\"BORDER-BOTTOM: windowtext 1pt solid; BORDER-LEFT: #f0f0f0; PADDING-BOTTOM: 0cm; BACKGROUND-COLOR: transparent; PADDING-LEFT: 5.4pt; WIDTH: 106.3pt; PADDING-RIGHT: 5.4pt; BORDER-TOP: #f0f0f0; BORDER-RIGHT: windowtext 1pt solid; PADDING-TOP: 0cm; mso-border-alt: solid windowtext .5pt; mso-border-left-alt: solid windowtext .5pt; mso-border-top-alt: solid windowtext .5pt\" vAlign=top width=142>\r\n<P style=\"TEXT-ALIGN: left; MARGIN: 0cm 0cm 0pt; mso-pagination: widow-orphan\" class=MsoNormal align=left><SPAN style=\"FONT-FAMILY: 宋体; FONT-SIZE: 9pt; mso-font-kerning: 0pt; mso-bidi-font-family: 宋体\">河南师范大学计算机与信息技术学院<SPAN lang=EN-US><o:p></o:p></SPAN></SPAN></P></TD>\r\n<TD style=\"BORDER-BOTTOM: windowtext 1pt solid; BORDER-LEFT: #f0f0f0; PADDING-BOTTOM: 0cm; BACKGROUND-COLOR: transparent; PADDING-LEFT: 5.4pt; WIDTH: 77.95pt; PADDING-RIGHT: 5.4pt; BORDER-TOP: #f0f0f0; BORDER-RIGHT: windowtext 1pt solid; PADDING-TOP: 0cm; mso-border-alt: solid windowtext .5pt; mso-border-left-alt: solid windowtext .5pt; mso-border-top-alt: solid windowtext .5pt\" vAlign=top width=104>\r\n<P style=\"TEXT-ALIGN: left; MARGIN: 0cm 0cm 0pt; mso-pagination: widow-orphan\" class=MsoNormal align=left><SPAN style=\"FONT-FAMILY: 宋体; FONT-SIZE: 9pt; mso-font-kerning: 0pt; mso-bidi-font-family: 宋体\" lang=EN-US><o:p>&nbsp;</o:p></SPAN></P></TD></TR>\r\n<TR style=\"mso-yfti-irow: 3\">\r\n<TD style=\"BORDER-BOTTOM: windowtext 1pt solid; BORDER-LEFT: windowtext 1pt solid; PADDING-BOTTOM: 0cm; BACKGROUND-COLOR: transparent; PADDING-LEFT: 5.4pt; WIDTH: 92.15pt; PADDING-RIGHT: 5.4pt; BORDER-TOP: #f0f0f0; BORDER-RIGHT: windowtext 1pt solid; PADDING-TOP: 0cm; mso-border-alt: solid windowtext .5pt; mso-border-top-alt: solid windowtext .5pt\" vAlign=top width=123>\r\n<P style=\"TEXT-ALIGN: left; MARGIN: 0cm 0cm 0pt; mso-pagination: widow-orphan\" class=MsoNormal align=left><SPAN style=\"FONT-FAMILY: 宋体; FONT-SIZE: 9pt; mso-font-kerning: 0pt; mso-bidi-font-family: 宋体\">河南省第三届大学生程序设计大赛<SPAN lang=EN-US><o:p></o:p></SPAN></SPAN></P></TD>\r\n<TD style=\"BORDER-BOTTOM: windowtext 1pt solid; BORDER-LEFT: #f0f0f0; PADDING-BOTTOM: 0cm; BACKGROUND-COLOR: transparent; PADDING-LEFT: 5.4pt; WIDTH: 63.8pt; PADDING-RIGHT: 5.4pt; BORDER-TOP: #f0f0f0; BORDER-RIGHT: windowtext 1pt solid; PADDING-TOP: 0cm; mso-border-alt: solid windowtext .5pt; mso-border-left-alt: solid windowtext .5pt; mso-border-top-alt: solid windowtext .5pt\" vAlign=top width=85>\r\n<P style=\"TEXT-ALIGN: left; MARGIN: 0cm 0cm 0pt; mso-pagination: widow-orphan\" class=MsoNormal align=left><SPAN style=\"FONT-FAMILY: 宋体; FONT-SIZE: 9pt; mso-font-kerning: 0pt; mso-bidi-font-family: 宋体\" lang=EN-US>2010.5.16<o:p></o:p></SPAN></P></TD>\r\n<TD style=\"BORDER-BOTTOM: windowtext 1pt solid; BORDER-LEFT: #f0f0f0; PADDING-BOTTOM: 0cm; BACKGROUND-COLOR: transparent; PADDING-LEFT: 5.4pt; WIDTH: 106.3pt; PADDING-RIGHT: 5.4pt; BORDER-TOP: #f0f0f0; BORDER-RIGHT: windowtext 1pt solid; PADDING-TOP: 0cm; mso-border-alt: solid windowtext .5pt; mso-border-left-alt: solid windowtext .5pt; mso-border-top-alt: solid windowtext .5pt\" vAlign=top width=142>\r\n<P style=\"TEXT-ALIGN: left; MARGIN: 0cm 0cm 0pt; mso-pagination: widow-orphan\" class=MsoNormal align=left><SPAN style=\"FONT-FAMILY: 宋体; FONT-SIZE: 9pt; mso-font-kerning: 0pt; mso-bidi-font-family: 宋体\">河南理工大学<SPAN lang=EN-US><o:p></o:p></SPAN></SPAN></P></TD>\r\n<TD style=\"BORDER-BOTTOM: windowtext 1pt solid; BORDER-LEFT: #f0f0f0; PADDING-BOTTOM: 0cm; BACKGROUND-COLOR: transparent; PADDING-LEFT: 5.4pt; WIDTH: 77.95pt; PADDING-RIGHT: 5.4pt; BORDER-TOP: #f0f0f0; BORDER-RIGHT: windowtext 1pt solid; PADDING-TOP: 0cm; mso-border-alt: solid windowtext .5pt; mso-border-left-alt: solid windowtext .5pt; mso-border-top-alt: solid windowtext .5pt\" vAlign=top width=104>\r\n<P style=\"TEXT-ALIGN: left; MARGIN: 0cm 0cm 0pt; mso-pagination: widow-orphan\" class=MsoNormal align=left><SPAN style=\"FONT-FAMILY: 宋体; FONT-SIZE: 9pt; mso-font-kerning: 0pt; mso-bidi-font-family: 宋体\" lang=EN-US>1</SPAN><SPAN style=\"FONT-FAMILY: 宋体; FONT-SIZE: 9pt; mso-font-kerning: 0pt; mso-bidi-font-family: 宋体\">铜奖<SPAN lang=EN-US><o:p></o:p></SPAN></SPAN></P></TD></TR>\r\n<TR style=\"mso-yfti-irow: 4\">\r\n<TD style=\"BORDER-BOTTOM: windowtext 1pt solid; BORDER-LEFT: windowtext 1pt solid; PADDING-BOTTOM: 0cm; BACKGROUND-COLOR: transparent; PADDING-LEFT: 5.4pt; WIDTH: 92.15pt; PADDING-RIGHT: 5.4pt; BORDER-TOP: #f0f0f0; BORDER-RIGHT: windowtext 1pt solid; PADDING-TOP: 0cm; mso-border-alt: solid windowtext .5pt; mso-border-top-alt: solid windowtext .5pt\" vAlign=top width=123>\r\n<P style=\"TEXT-ALIGN: left; MARGIN: 0cm 0cm 0pt; mso-pagination: widow-orphan\" class=MsoNormal align=left><SPAN style=\"FONT-FAMILY: 宋体; FONT-SIZE: 9pt; mso-font-kerning: 0pt; mso-bidi-font-family: 宋体\">河南省第四届大学生程序设计大赛<SPAN lang=EN-US><o:p></o:p></SPAN></SPAN></P></TD>\r\n<TD style=\"BORDER-BOTTOM: windowtext 1pt solid; BORDER-LEFT: #f0f0f0; PADDING-BOTTOM: 0cm; BACKGROUND-COLOR: transparent; PADDING-LEFT: 5.4pt; WIDTH: 63.8pt; PADDING-RIGHT: 5.4pt; BORDER-TOP: #f0f0f0; BORDER-RIGHT: windowtext 1pt solid; PADDING-TOP: 0cm; mso-border-alt: solid windowtext .5pt; mso-border-left-alt: solid windowtext .5pt; mso-border-top-alt: solid windowtext .5pt\" vAlign=top width=85>\r\n<P style=\"TEXT-ALIGN: left; MARGIN: 0cm 0cm 0pt; mso-pagination: widow-orphan\" class=MsoNormal align=left><SPAN style=\"FONT-FAMILY: 宋体; FONT-SIZE: 9pt; mso-font-kerning: 0pt; mso-bidi-font-family: 宋体\" lang=EN-US>2011.5.21<o:p></o:p></SPAN></P></TD>\r\n<TD style=\"BORDER-BOTTOM: windowtext 1pt solid; BORDER-LEFT: #f0f0f0; PADDING-BOTTOM: 0cm; BACKGROUND-COLOR: transparent; PADDING-LEFT: 5.4pt; WIDTH: 106.3pt; PADDING-RIGHT: 5.4pt; BORDER-TOP: #f0f0f0; BORDER-RIGHT: windowtext 1pt solid; PADDING-TOP: 0cm; mso-border-alt: solid windowtext .5pt; mso-border-left-alt: solid windowtext .5pt; mso-border-top-alt: solid windowtext .5pt\" vAlign=top width=142>\r\n<P style=\"TEXT-ALIGN: left; MARGIN: 0cm 0cm 0pt; mso-pagination: widow-orphan\" class=MsoNormal align=left><SPAN style=\"FONT-FAMILY: 宋体; FONT-SIZE: 9pt; mso-font-kerning: 0pt; mso-bidi-font-family: 宋体\">河南科技大学<SPAN lang=EN-US><o:p></o:p></SPAN></SPAN></P></TD>\r\n<TD style=\"BORDER-BOTTOM: windowtext 1pt solid; BORDER-LEFT: #f0f0f0; PADDING-BOTTOM: 0cm; BACKGROUND-COLOR: transparent; PADDING-LEFT: 5.4pt; WIDTH: 77.95pt; PADDING-RIGHT: 5.4pt; BORDER-TOP: #f0f0f0; BORDER-RIGHT: windowtext 1pt solid; PADDING-TOP: 0cm; mso-border-alt: solid windowtext .5pt; mso-border-left-alt: solid windowtext .5pt; mso-border-top-alt: solid windowtext .5pt\" vAlign=top width=104>\r\n<P style=\"TEXT-ALIGN: left; MARGIN: 0cm 0cm 0pt; mso-pagination: widow-orphan\" class=MsoNormal align=left><SPAN style=\"FONT-FAMILY: 宋体; FONT-SIZE: 9pt; mso-font-kerning: 0pt; mso-bidi-font-family: 宋体\" lang=EN-US>1</SPAN><SPAN style=\"FONT-FAMILY: 宋体; FONT-SIZE: 9pt; mso-font-kerning: 0pt; mso-bidi-font-family: 宋体\">银奖<SPAN lang=EN-US> 1</SPAN>铜奖<SPAN lang=EN-US><o:p></o:p></SPAN></SPAN></P></TD></TR>\r\n<TR style=\"mso-yfti-irow: 5\">\r\n<TD style=\"BORDER-BOTTOM: windowtext 1pt solid; BORDER-LEFT: windowtext 1pt solid; PADDING-BOTTOM: 0cm; BACKGROUND-COLOR: transparent; PADDING-LEFT: 5.4pt; WIDTH: 92.15pt; PADDING-RIGHT: 5.4pt; BORDER-TOP: #f0f0f0; BORDER-RIGHT: windowtext 1pt solid; PADDING-TOP: 0cm; mso-border-alt: solid windowtext .5pt; mso-border-top-alt: solid windowtext .5pt\" vAlign=top width=123>\r\n<P style=\"TEXT-ALIGN: left; MARGIN: 0cm 0cm 0pt; mso-pagination: widow-orphan\" class=MsoNormal align=left><SPAN style=\"FONT-FAMILY: 宋体; FONT-SIZE: 9pt; mso-font-kerning: 0pt; mso-bidi-font-family: 宋体\">河南省第五届大学生程序设计大赛<SPAN lang=EN-US><o:p></o:p></SPAN></SPAN></P></TD>\r\n<TD style=\"BORDER-BOTTOM: windowtext 1pt solid; BORDER-LEFT: #f0f0f0; PADDING-BOTTOM: 0cm; BACKGROUND-COLOR: transparent; PADDING-LEFT: 5.4pt; WIDTH: 63.8pt; PADDING-RIGHT: 5.4pt; BORDER-TOP: #f0f0f0; BORDER-RIGHT: windowtext 1pt solid; PADDING-TOP: 0cm; mso-border-alt: solid windowtext .5pt; mso-border-left-alt: solid windowtext .5pt; mso-border-top-alt: solid windowtext .5pt\" vAlign=top width=85>\r\n<P style=\"TEXT-ALIGN: left; MARGIN: 0cm 0cm 0pt; mso-pagination: widow-orphan\" class=MsoNormal align=left><SPAN style=\"FONT-FAMILY: 宋体; FONT-SIZE: 9pt; mso-font-kerning: 0pt; mso-bidi-font-family: 宋体\" lang=EN-US>2012.5.12<o:p></o:p></SPAN></P></TD>\r\n<TD style=\"BORDER-BOTTOM: windowtext 1pt solid; BORDER-LEFT: #f0f0f0; PADDING-BOTTOM: 0cm; BACKGROUND-COLOR: transparent; PADDING-LEFT: 5.4pt; WIDTH: 106.3pt; PADDING-RIGHT: 5.4pt; BORDER-TOP: #f0f0f0; BORDER-RIGHT: windowtext 1pt solid; PADDING-TOP: 0cm; mso-border-alt: solid windowtext .5pt; mso-border-left-alt: solid windowtext .5pt; mso-border-top-alt: solid windowtext .5pt\" vAlign=top width=142>\r\n<P style=\"TEXT-ALIGN: left; MARGIN: 0cm 0cm 0pt; mso-pagination: widow-orphan\" class=MsoNormal align=left><SPAN style=\"FONT-FAMILY: 宋体; FONT-SIZE: 9pt; mso-font-kerning: 0pt; mso-bidi-font-family: 宋体\">郑州轻工业学院<SPAN lang=EN-US><o:p></o:p></SPAN></SPAN></P></TD>\r\n<TD style=\"BORDER-BOTTOM: windowtext 1pt solid; BORDER-LEFT: #f0f0f0; PADDING-BOTTOM: 0cm; BACKGROUND-COLOR: transparent; PADDING-LEFT: 5.4pt; WIDTH: 77.95pt; PADDING-RIGHT: 5.4pt; BORDER-TOP: #f0f0f0; BORDER-RIGHT: windowtext 1pt solid; PADDING-TOP: 0cm; mso-border-alt: solid windowtext .5pt; mso-border-left-alt: solid windowtext .5pt; mso-border-top-alt: solid windowtext .5pt\" vAlign=top width=104>\r\n<P style=\"TEXT-ALIGN: left; MARGIN: 0cm 0cm 0pt; mso-pagination: widow-orphan\" class=MsoNormal align=left><SPAN style=\"FONT-FAMILY: 宋体; FONT-SIZE: 9pt; mso-font-kerning: 0pt; mso-bidi-font-family: 宋体\" lang=EN-US>2</SPAN><SPAN style=\"FONT-FAMILY: 宋体; FONT-SIZE: 9pt; mso-font-kerning: 0pt; mso-bidi-font-family: 宋体\">银奖<SPAN lang=EN-US> 1</SPAN>优秀奖<SPAN lang=EN-US><o:p></o:p></SPAN></SPAN></P></TD></TR>\r\n<TR style=\"HEIGHT: 13.7pt; mso-yfti-irow: 6; mso-yfti-lastrow: yes\">\r\n<TD style=\"BORDER-BOTTOM: windowtext 1pt solid; BORDER-LEFT: windowtext 1pt solid; PADDING-BOTTOM: 0cm; BACKGROUND-COLOR: transparent; PADDING-LEFT: 5.4pt; WIDTH: 92.15pt; PADDING-RIGHT: 5.4pt; HEIGHT: 13.7pt; BORDER-TOP: #f0f0f0; BORDER-RIGHT: windowtext 1pt solid; PADDING-TOP: 0cm; mso-border-alt: solid windowtext .5pt; mso-border-top-alt: solid windowtext .5pt\" vAlign=top width=123>\r\n<P style=\"TEXT-ALIGN: left; MARGIN: 0cm 0cm 0pt; mso-pagination: widow-orphan; mso-line-height-alt: 0pt\" class=MsoNormal align=left><SPAN style=\"FONT-FAMILY: 宋体; FONT-SIZE: 9pt; mso-font-kerning: 0pt; mso-bidi-font-family: 宋体\">河南省第六届大学生程序设计大赛<SPAN lang=EN-US><o:p></o:p></SPAN></SPAN></P></TD>\r\n<TD style=\"BORDER-BOTTOM: windowtext 1pt solid; BORDER-LEFT: #f0f0f0; PADDING-BOTTOM: 0cm; BACKGROUND-COLOR: transparent; PADDING-LEFT: 5.4pt; WIDTH: 63.8pt; PADDING-RIGHT: 5.4pt; HEIGHT: 13.7pt; BORDER-TOP: #f0f0f0; BORDER-RIGHT: windowtext 1pt solid; PADDING-TOP: 0cm; mso-border-alt: solid windowtext .5pt; mso-border-left-alt: solid windowtext .5pt; mso-border-top-alt: solid windowtext .5pt\" vAlign=top width=85>\r\n<P style=\"TEXT-ALIGN: left; MARGIN: 0cm 0cm 0pt; mso-pagination: widow-orphan; mso-line-height-alt: 0pt\" class=MsoNormal align=left><SPAN style=\"FONT-FAMILY: 宋体; FONT-SIZE: 9pt; mso-font-kerning: 0pt; mso-bidi-font-family: 宋体\" lang=EN-US>2013.5.12<o:p></o:p></SPAN></P></TD>\r\n<TD style=\"BORDER-BOTTOM: windowtext 1pt solid; BORDER-LEFT: #f0f0f0; PADDING-BOTTOM: 0cm; BACKGROUND-COLOR: transparent; PADDING-LEFT: 5.4pt; WIDTH: 106.3pt; PADDING-RIGHT: 5.4pt; HEIGHT: 13.7pt; BORDER-TOP: #f0f0f0; BORDER-RIGHT: windowtext 1pt solid; PADDING-TOP: 0cm; mso-border-alt: solid windowtext .5pt; mso-border-left-alt: solid windowtext .5pt; mso-border-top-alt: solid windowtext .5pt\" vAlign=top width=142>\r\n<P style=\"TEXT-ALIGN: left; MARGIN: 0cm 0cm 0pt; mso-pagination: widow-orphan; mso-line-height-alt: 0pt\" class=MsoNormal align=left><SPAN style=\"FONT-FAMILY: 宋体; FONT-SIZE: 9pt; mso-font-kerning: 0pt; mso-bidi-font-family: 宋体\">南阳理工学院<SPAN lang=EN-US><o:p></o:p></SPAN></SPAN></P></TD>\r\n<TD style=\"BORDER-BOTTOM: windowtext 1pt solid; BORDER-LEFT: #f0f0f0; PADDING-BOTTOM: 0cm; BACKGROUND-COLOR: transparent; PADDING-LEFT: 5.4pt; WIDTH: 77.95pt; PADDING-RIGHT: 5.4pt; HEIGHT: 13.7pt; BORDER-TOP: #f0f0f0; BORDER-RIGHT: windowtext 1pt solid; PADDING-TOP: 0cm; mso-border-alt: solid windowtext .5pt; mso-border-left-alt: solid windowtext .5pt; mso-border-top-alt: solid windowtext .5pt\" vAlign=top width=104>\r\n<P style=\"TEXT-ALIGN: left; MARGIN: 0cm 0cm 0pt; mso-pagination: widow-orphan; mso-line-height-alt: 0pt\" class=MsoNormal align=left><SPAN style=\"FONT-FAMILY: 宋体; FONT-SIZE: 9pt; mso-font-kerning: 0pt; mso-bidi-font-family: 宋体\" lang=EN-US>2</SPAN><SPAN style=\"FONT-FAMILY: 宋体; FONT-SIZE: 9pt; mso-font-kerning: 0pt; mso-bidi-font-family: 宋体\">银奖<SPAN lang=EN-US> 3</SPAN>铜奖<SPAN lang=EN-US><o:p></o:p></SPAN></SPAN></P></TD></TR></TBODY></TABLE>','2013-05-21 09:05:57','河南省ACM竞赛与黄淮学院的ACM情怀',3);
/*!40000 ALTER TABLE `t_notice` ENABLE KEYS */;
UNLOCK TABLES;

--
-- Table structure for table `t_otherinfo`
--

DROP TABLE IF EXISTS `t_otherinfo`;
/*!40101 SET @saved_cs_client     = @@character_set_client */;
/*!40101 SET character_set_client = utf8 */;
CREATE TABLE `t_otherinfo` (
  `otherInfoId` bigint(20) NOT NULL AUTO_INCREMENT,
  `area` varchar(10) DEFAULT NULL,
  `birthday` date DEFAULT NULL,
  `city` varchar(10) DEFAULT NULL,
  `eduDegree` varchar(20) DEFAULT NULL,
  `hobby` varchar(60) DEFAULT NULL,
  `income` varchar(20) DEFAULT NULL,
  `occDirectory` varchar(20) DEFAULT NULL,
  `position` varchar(20) DEFAULT NULL,
  `province` varchar(10) DEFAULT NULL,
  `sex` varchar(10) DEFAULT NULL,
  `telephone` varchar(20) DEFAULT NULL,
  `trueName` varchar(20) DEFAULT NULL,
  PRIMARY KEY (`otherInfoId`)
) ENGINE=InnoDB AUTO_INCREMENT=33 DEFAULT CHARSET=gbk;
/*!40101 SET character_set_client = @saved_cs_client */;

--
-- Dumping data for table `t_otherinfo`
--

LOCK TABLES `t_otherinfo` WRITE;
/*!40000 ALTER TABLE `t_otherinfo` DISABLE KEYS */;
INSERT INTO `t_otherinfo` VALUES (1,'常州市','1988-03-29','常州','本科','资讯/要文, 娱乐/时尚, 视频, 汽车, 科技/数码, 军事/历史, 房产','3000~5000','通信','学生','江苏','女','1234567890','谢永路'),(2,'万宁市','1987-04-26','万宁','本科','资讯/要文, 财经/股票, 娱乐/时尚, 视频, 汽车, 科技/数码, 军事/历史, 教育/读书, 房产, 游戏','5000~8000','专业服务（咨询、财会或法律等）','农民','海南','女','1234567890','赵刚'),(3,'和田县','1987-06-27','和田','专科','资讯/要文, 娱乐/时尚, 汽车, 军事/历史, 房产','3000~5000','专业服务（咨询、财会或法律等）','农民','新疆','男','','侯亚军'),(4,'包头市','1989-03-20','包头','硕士研究生','资讯/要文, 财经/股票, 娱乐/时尚, 视频, 汽车','8000~10000','政府、教育等事业单位','农民','内蒙古','男','1234567890','毛金林'),(5,'措勤县','1989-07-28','阿里','本科','资讯/要文, 娱乐/时尚, 汽车, 科技/数码, 教育/读书, 游戏','3000~5000','医疗、生化或环保','农民','西躲','男','1234567890','付高阳'),(6,'白城市','1988-04-27','白城','博士研究生','资讯/要文, 娱乐/时尚, 视频, 教育/读书, 房产','3000~5000','媒体、出版、文化传媒','工人','吉林','女','1234567890','小明'),(7,'大庆市','1989-04-27','大庆','本科','资讯/要文, 财经/股票, 娱乐/时尚, 视频, 汽车, 科技/数码, 军事/历史, 教育/读书, 房产, 游戏','5000~8000','娱乐、休闲、服务门业','农民','黑龙江','男','1234567890','王珂'),(8,'宿松县','1987-07-26','安庆','本科','资讯/要文, 娱乐/时尚, 汽车, 科技/数码, 教育/读书, 游戏','3000~5000','计算机、互联网或电子商务','学生','安徽','女','123321123','蔡冰冰'),(9,'静海县','1989-06-01','天津','本科','资讯/要文, 娱乐/时尚, 视频, 汽车, 科技/数码, 教育/读书, 房产, 游戏','3000以下','专业服务（咨询、财会或法律等）','农民','天津','男','123123','蔡冰冰'),(10,'乐至县','1990-06-27','资阳','高中','资讯/要文, 财经/股票, 娱乐/时尚, 视频, 汽车, 科技/数码, 军事/历史, 教育/读书, 房产, 游戏','3000~5000','专业服务（咨询、财会或法律等）','农民','四川','女','18352533224','ABC阿百川'),(11,'通榆县','1986-07-24','白城','高中','财经/股票, 娱乐/时尚, 视频, 军事/历史, 教育/读书, 房产','5000~8000','政府、教育等事业单位','农民','吉林','男','123','吉姆'),(12,'江安县','1988-05-27','宜宾','高中','资讯/要文, 娱乐/时尚, 视频, 科技/数码, 军事/历史, 教育/读书, 房产','3000~5000','医疗、生化或环保','农民','四川','男','','杰克'),(13,'当雄县','1990-05-28','拉萨','高中','财经/股票, 娱乐/时尚, 军事/历史, 教育/读书','5000~8000','贸易','工人','西躲','女','123123','张无忌'),(14,'邵阳市','1970-09-23','邵阳','本科','资讯/要文, 财经/股票, 娱乐/时尚, 科技/数码, 军事/历史, 教育/读书','5000~8000','金融','工人','湖南',NULL,'','诸葛亮'),(15,'潢川县','1988-02-29','信阳','本科','资讯/要文, 娱乐/时尚, 视频, 汽车, 科技/数码, 教育/读书, 房产, 游戏','5000~8000','计算机、互联网或电子商务','学生','河南','男','18352533224','谢永路'),(16,'安国市','1986-06-28','保定','专科','财经/股票, 娱乐/时尚, 视频, 军事/历史, 教育/读书, 房产','3000以下','计算机、互联网或电子商务','农民','河北','男','1193607935','冰冰菜'),(17,NULL,NULL,NULL,NULL,NULL,NULL,NULL,NULL,NULL,'男','',''),(18,NULL,NULL,NULL,NULL,NULL,NULL,NULL,NULL,NULL,'男','',''),(19,'濮阳县','1990-07-06','濮阳','硕士研究生','资讯/要文, 财经/股票, 娱乐/时尚, 视频, 汽车, 科技/数码, 军事/历史, 教育/读书, 房产, 游戏','10000以上','金融','学生','河南','男','15286856485','赵春乐'),(20,NULL,NULL,NULL,NULL,NULL,NULL,NULL,NULL,NULL,'男','',''),(21,'崇仁县','1988-06-30','抚州','本科','资讯/要文, 娱乐/时尚, 视频, 科技/数码, 教育/读书, 房产','3000~5000','政府、教育等事业单位','学生','江西','女','123123','汤姆'),(30,NULL,NULL,NULL,NULL,NULL,NULL,NULL,NULL,NULL,NULL,NULL,NULL),(31,NULL,NULL,NULL,NULL,NULL,NULL,NULL,NULL,NULL,NULL,NULL,NULL),(32,'乐都县','1980-07-24','海东','硕士研究生','资讯/要文, 财经/股票, 视频, 科技/数码, 军事/历史, 房产','3000~5000','金融','工人','青海','男','100020001','我是2号');
/*!40000 ALTER TABLE `t_otherinfo` ENABLE KEYS */;
UNLOCK TABLES;

--
-- Table structure for table `t_problem`
--

DROP TABLE IF EXISTS `t_problem`;
/*!40101 SET @saved_cs_client     = @@character_set_client */;
/*!40101 SET character_set_client = utf8 */;
CREATE TABLE `t_problem` (
  `problemId` bigint(20) NOT NULL AUTO_INCREMENT,
  `author` varchar(20) NOT NULL,
  `caseInput` longtext NOT NULL,
  `caseOutput` longtext NOT NULL,
  `createDate` datetime NOT NULL,
  `description` longtext,
  `hardFactor` int(11) NOT NULL,
  `input` longtext NOT NULL,
  `memoryLimit` varchar(20) NOT NULL,
  `output` longtext NOT NULL,
  `passCount` bigint(20) NOT NULL,
  `sequence` int(11) DEFAULT NULL,
  `source` varchar(20) NOT NULL,
  `submitCount` bigint(20) NOT NULL,
  `timeLimit` varchar(20) NOT NULL,
  `title` varchar(50) NOT NULL,
  `typeName` varchar(20) NOT NULL,
  `adminId` bigint(20) DEFAULT NULL,
  `matchId` bigint(20) DEFAULT NULL,
  `typeId` bigint(20) DEFAULT NULL,
  PRIMARY KEY (`problemId`),
  KEY `FKED8CC29FA448AA80` (`typeId`),
  KEY `FKED8CC29FD2A2C4A8` (`adminId`),
  KEY `FKED8CC29F4956AC14` (`matchId`),
  CONSTRAINT `FKED8CC29F4956AC14` FOREIGN KEY (`matchId`) REFERENCES `t_match` (`matchId`),
  CONSTRAINT `FKED8CC29FA448AA80` FOREIGN KEY (`typeId`) REFERENCES `t_type` (`typeId`),
  CONSTRAINT `FKED8CC29FD2A2C4A8` FOREIGN KEY (`adminId`) REFERENCES `t_admin` (`adminId`)
) ENGINE=InnoDB AUTO_INCREMENT=66 DEFAULT CHARSET=gbk;
/*!40101 SET character_set_client = @saved_cs_client */;

--
-- Dumping data for table `t_problem`
--

LOCK TABLES `t_problem` WRITE;
/*!40000 ALTER TABLE `t_problem` DISABLE KEYS */;
INSERT INTO `t_problem` VALUES (1,'admin','2 3','5','2013-03-01 00:00:21','<P>此题为练手用题，请大家计算一下a+b的值</P>',1,'<P>输入两个数，a,b</P>','65535','<P>输出a+b的值</P>',34,NULL,'网上论坛',81,'5000','A+B problem','语言入门',1,NULL,1),(2,'admin','<P>100</P>','<P>5050</P>','2013-03-09 20:49:42','<P>请试求前n个数的和，输出结果！</P>',2,'<P>n</P>','2000','<P>1+2+3+...+n</P>',2,NULL,'网上论坛',11,'1000','输出前n个数的和','语言入门',1,NULL,1),(3,'admin','<P>5</P>','120','2013-03-09 20:52:47','输入一个正整数n，输出前n个数的乘积！',1,'<P>n</P>','2000','1*2*3*...*n',0,NULL,'小学数学书',2,'1000','连乘积计算','数学',1,NULL,10),(4,'admin','3','<P>18</P>','2013-03-09 21:03:11','输入一个正整数n,求他所围成的矩阵之和！',3,'n','2000','<P>1 2 3 ... n</P>\r\n<P>1 2 3 ... n</P>\r\n<P>...........</P>\r\n<P>1 2 3 ... n</P>',0,NULL,'网上论坛',2,'1000','方形矩阵之和','计算几何',1,NULL,9),(5,'admin','5','6','2013-03-09 21:08:04','输入一个数，输出这个数的前n项和！',3,'<P>n</P>','2000','2+4+...',0,NULL,'网上论坛',0,'1000','求前n个数的偶数和','图论',1,NULL,8),(6,'admin','5','<P>9</P>','2013-03-09 21:09:40','输入一个数，输出这个数的前n项和！',3,'<P>n</P>','2000','1+3+...',0,NULL,'网上论坛',6,'1000','求前n个数的奇数和','图论',1,NULL,8),(7,'admin','1 1','2','2013-03-09 21:48:32','<P>此题为练手用题，请大家计算一下a+b的值</P>',2,'<P>输入两个数，a,b</P>','2000','<P>输出a+b的值</P>',7,1,'黄淮学院第一届ACM大赛',27,'1000','Problem A','计算几何',NULL,1,NULL),(8,'admin','1 1','2','2013-03-09 21:48:54','<P>此题为练手用题，请大家计算一下a+b的值</P>',3,'<P>输入两个数，a,b</P>','2000','<P>输出a+b的值</P>',1,2,'黄淮学院第一届ACM大赛',3,'1000','Problem B','搜索',NULL,1,NULL),(9,'admin','1 1','2','2013-03-09 21:49:11','<P>此题为练手用题，请大家计算一下a+b的值</P>',3,'<P>输入两个数，a,b</P>','2000','<P>输出a+b的值</P>',0,3,'黄淮学院第一届ACM大赛',2,'1000','Problem C','搜索',NULL,1,NULL),(10,'admin','1 1','2','2013-03-09 21:49:33','<P>此题为练手用题，请大家计算一下a+b的值</P>',2,'<P>输入两个数，a,b</P>','2000','<P>输出a+b的值</P>',0,4,'黄淮学院第一届ACM大赛',0,'1000','Problem D','搜索',NULL,1,NULL),(11,'admin','1 1','2','2013-03-09 21:49:48','<P>此题为练手用题，请大家计算一下a+b的值</P>',4,'<P>输入两个数，a,b</P>','2000','<P>输出a+b的值</P>',4,5,'黄淮学院第一届ACM大赛',9,'1000','Problem E','搜索',NULL,1,NULL),(12,'admin','1 1','2','2013-03-09 21:50:14','<P>此题为练手用题，请大家计算一下a+b的值</P>',3,'<P>输入两个数，a,b</P>','2000','<P>输出a+b的值</P>',0,6,'黄淮学院第一届ACM大赛',1,'1000','Problem F','搜索',NULL,1,NULL),(13,'admin','1 1','2','2013-03-09 21:50:41','<P>此题为练手用题，请大家计算一下a+b的值</P>',2,'<P>输入两个数，a,b</P>','2000','<P>输出a+b的值</P>',0,7,'黄淮学院第一届ACM大赛',0,'1000','Problem G','搜索',NULL,1,NULL),(14,'admin','1 1','2','2013-03-09 21:51:00','<P>此题为练手用题，请大家计算一下a+b的值</P>',3,'<P>输入两个数，a,b</P>','2000','<P>输出a+b的值</P>',2,8,'黄淮学院第一届ACM大赛',5,'1000','Problem H','贪心算法',NULL,1,NULL),(15,'zhangsan','<P>5</P>','<P>*</P>\r\n<P>**</P>\r\n<P>***</P>\r\n<P>****</P>\r\n<P>*****</P>','2013-04-08 22:31:43','输入正整数n，输出n行星型！',2,'<P>n</P>','2000','<P>*</P>\r\n<P>**</P>\r\n<P>....</P>\r\n<P>*......*</P>',0,NULL,'张三管理员',3,'1000','张三的试题','计算几何',2,NULL,9),(16,'admin','4','<P>*</P>\r\n<P>**</P>\r\n<P>***</P>\r\n<P>****</P>','2013-04-21 14:18:59','输入一个正整数n,输出n行星型图案，图案是递归增加的！',2,'n','2000','<P>*</P>\r\n<P>**</P>\r\n<P>***</P>\r\n<P>*....*</P>',1,NULL,'课本上',6,'1000','星型打印','数学',1,NULL,10),(17,'admin','4','<P>****</P>\r\n<P>***</P>\r\n<P>**</P>\r\n<P>*</P>','2013-04-21 14:26:56','输入一个正整数n,倒序输入n行星型图案！',2,'n','2000','<P>*......*</P>\r\n<P>**</P>\r\n<P>*</P>',1,NULL,'课本上',8,'1000','星型的倒序打印','数学',1,NULL,10),(18,'admin','1 1','2','2013-04-24 20:28:26','输入两个数，输出这两个数的和！',1,'<P>m n</P>','2000','m+n',0,1,'历届ACM大赛',4,'1000','A+B数字求和问题','语言入门',NULL,4,NULL),(19,'admin','<PRE id=sample_input>3\r\n[(])\r\n(])\r\n([[]()])</PRE>','<PRE id=sample_output>No\r\nNo\r\nYes</PRE>','2013-05-15 16:43:07','<P>现在，有一行括号序列，请你检查这行括号是否配对。</P>',3,'<P>第一行输入一个数N（0&lt;N&lt;=100）,表示有N组测试数据。后面的N行输入多组输入数据，每组输入数据都是一个字符串S(S的长度小于10000，且S不是空串），测试数据组数少于5组。数据保证S中只含有\"[\",\"]\",\"(\",\")\"四种字符</P>','65535','<P>每组输入数据的输出占一行，如果该字符串中所含的括号是配对的，则输出Yes,如果不配对则输出No</P>',0,NULL,'网络',0,'3000','括号配对问题','STL练习',1,NULL,6),(20,'admin','<PRE id=sample_input>3\r\n3\r\n0 1\r\n0 2\r\n0 3\r\n3\r\n1 1\r\n0 0\r\n0 1\r\n4\r\n1 1\r\n0 0\r\n0 0.5\r\n0 1</PRE>','<PRE id=sample_output>0.000 0.000\r\n0.500 1.000\r\n0.500 1.000</PRE>','2013-05-15 16:45:58','<P>在某个多边形上，取n个点，这n个点顺序给出，按照给出顺序将相邻的点用直线连接， （第一个和最后一个连接），所有线段不和其他线段相交，但是可以重合，可得到一个多边形或一条线段或一个多边形和一个线段的连接后的图形； <BR>如果是一条线段,我们定义面积为0，重心坐标为（0,0）.现在求给出的点集组成的图形的面积和重心横纵坐标的和；</P>',5,'<P>第一行有一个整数0&lt;n&lt;11,表示有n组数据；<BR>每组数据第一行有一个整数m&lt;10000,表示有这个多边形有m个顶点；</P>','65535','<P>输出每个多边形的面积、重心横纵坐标的和，小数点后保留三位；</P>',0,NULL,'网上',0,'3000','多边形重心问题','数据结构',1,NULL,4),(21,'admin','<PRE id=sample_input>3\r\nqwe\r\nasd\r\nzxc</PRE>','<PRE id=sample_output>e q w\r\na d s\r\nc x z</PRE>','2013-05-15 16:47:25','<P>输入三个字符（可以重复）后，按各字符的ASCII码从小到大的顺序输出这三个字符。</P>',2,'<P>第一行输入一个数N,表示有N组测试数据。后面的N行输入多组数据，每组输入数据都是占一行，有三个字符组成，之间无空格。</P>','65535','<P>对于每组输入数据，输出一行，字符中间用一个空格分开。</P>',0,NULL,'网络',0,'3000','ASCII码排序','数据结构',1,NULL,4),(22,'admin','3<BR>11<BR>1001110110<BR>101<BR>110010010010001<BR>1010<BR>110100010101011','3<BR>0<BR>3','2013-05-15 16:49:23','<P>Given two strings A and B, whose alphabet consist only ‘0’ and ‘1’. Your task is only to tell how many times does A appear as a substring of B? For example, the text string B is ‘1001110110’ while the pattern string A is ‘11’, you should output 3, because the pattern A appeared at the posit</P>',3,'<P>The first line consist only one integer N, indicates N cases follows. In each case, there are two lines, the first line gives the string A, length (A) &lt;= 10, and the second line gives the string B, length (B) &lt;= 1000. And it is guaranteed that B is always longer than A.</P>','65535','<P>For each case, output a single line consist a single integer, tells how many times do B appears as a substring of A.</P>',0,NULL,'网络',0,'3000','Binary Str Match','数学',1,NULL,10),(23,'admin','<PRE id=sample_input>2\r\n5\r\n2 3.2 4 4.5 6 \r\n10\r\n1 2 3 1 2 1.2 3 1.1 1 2</PRE>','<PRE id=sample_output>2\r\n5\r\n</PRE>','2013-05-15 16:51:25','<P>现有一块草坪，长为20米，宽为2米，要在横中心线上放置半径为Ri的喷水装置，每个喷水装置的效果都会让以它为中心的半径为实数Ri(0&lt;Ri&lt;15)的圆被湿润，这有充足的喷水装置i（1&lt;i&lt;600)个，并且一定能把草坪全部湿润，你要做的是：选择尽量少的喷水装置，把整个草坪的全部湿润。</P>',3,'<P>第一行m表示有m组测试数据<BR>每一组测试数据的第一行有一个整数数n，n表示共有n个喷水装置，随后的一行，有n个实数ri，ri表示该喷水装置能覆盖的圆的半径。</P>','65535','<P>输出所用装置的个数</P>',0,NULL,'网络',0,'3000','喷水装置（一）','数据结构',1,NULL,4),(24,'admin','<PRE id=sample_input>2\r\n3\r\n1 1\r\n2 1\r\n1 2\r\n5\r\n2 9 \r\n5 20\r\n11 9\r\n1 1\r\n1 20\r\n</PRE>','<PRE id=sample_output>2\r\n44\r\n</PRE>','2013-05-15 16:52:40','一个街区有很多住户，街区的街道只能为东西、南北两种方向。<BR><BR>住户只可以沿着街道行走。<BR><BR>各个街道之间的间隔相等。<BR><BR>用(x,y)来表示住户坐在的街区。<BR><BR>例如（4,20），表示用户在东西方向第4个街道，南北方向第20个街道。<BR><BR>现在要建一个邮局，使得各个住户到邮局的距离之和最少。<BR><BR>求现在这个邮局应该建在那个地方使得所有住户距离之和最小；<BR>',4,'第一行一个整数n&lt;20，表示有n组测试数据，下面是n组数据;<BR>每组第一行一个整数m&lt;20,表示本组有m个住户，下面的m行每行有两个整数0&lt;x,y&lt;100，表示某个用户所在街区的坐标。<BR>m行后是新一组的数据；<BR>','65535','<P>每组数据输出到邮局最小的距离和，回车结束；</P>',0,NULL,'网络',0,'3000','街区最短路径问题','计算几何',1,NULL,9),(25,'admin','<PRE id=sample_input>1\r\n8\r\n1 1 1\r\n1 1 1\r\n1 1 2\r\n1 2 1\r\n1 2 2\r\n2 1 1\r\n2 1 2\r\n2 2 1\r\n</PRE>','<PRE id=sample_output>1 1 1\r\n1 2 1\r\n1 2 2\r\n2 1 1\r\n2 2 1</PRE>','2013-05-15 16:54:20','<P>现在有很多长方形，每一个长方形都有一个编号，这个编号可以重复；还知道这个长方形的宽和长，编号、长、宽都是整数；现在要求按照一下方式排序（默认排序规则都是从小到大）；<BR><BR>1.按照编号从小到大排序<BR><BR>2.对于编号相等的长方形，按照长方形的长排序；<BR><BR>3.如果编号和长都相同，按照长方形的宽排序；<BR><BR>4.如果编号、长、宽都相同，就只保留一个长方形用于排序,删除多余的长方形；最后排好序按照指定格式显示所有的长方形；</P>',3,'<P>第一行有一个整数 0&lt;n&lt;10000,表示接下来有n组测试数据；<BR>每一组第一行有一个整数 0&lt;m&lt;1000，表示有m个长方形；<BR>接下来的m行，每一行有三个数 ，第一个数表示长方形的编号，<BR><BR>第二个和第三个数值大的表示长，数值小的表示宽，相等<BR>说明这是一个正方形（数据约定长宽与编号都小于10000）；</P>','65535','<P>顺序输出每组数据的所有符合条件的长方形的 编号 长 宽</P>',0,NULL,'经典题目',0,'3000','一种排序','数据结构',1,NULL,4),(26,'admin','1<BR>5<BR>1 4<BR>2 6<BR>8 10<BR>3 4<BR>7 10<BR>','<PRE id=sample_output>4</PRE>','2013-05-15 17:01:22','<P>The citizens of Bytetown, AB, could not stand that the candidates in the mayoral election campaign have been placing their electoral posters at all places at their whim. The city council has finally decided to build an electoral wall for placing the posters and introduce the following rules</P>',5,'<P>The first line of input contains a number c giving the number of cases that follow. The first line of data for a single case contains number 1 &lt;= n &lt;= 10000. The subsequent n lines describe the posters in the order in which they were placed. The i-th line among the n lines contains two integer numbers li and ri which are the number of the wall segment occupied by the left end and the right end of the i-th poster, respectively. We know that for each 1 &lt;= i &lt;= n, 1 &lt;= li &lt;= ri &lt;= 10000000. After the i-th poster is placed, it entirely covers all wall segments numbered li, li+1 ,... , ri.</P>','65535','<P>For each input data set print the number of visible posters after all the posters are placed. <BR><BR>The picture below illustrates the case of the sample input. <BR>http://acm.pku.edu.cn/JudgeOnline/images/2528_1.jpg<BR></P>',0,NULL,'POJ',0,'1000','posters','STL练习',1,NULL,6),(27,'admin','<PRE id=sample_input>1\r\n5 5\r\n1 2 3 4 5\r\n16 17 18 19 6\r\n15 24 25 20 7\r\n14 23 22 21 8\r\n13 12 11 10 9\r\n</PRE>','<PRE id=sample_output>25</PRE>','2013-05-15 17:03:13','<P>Michael喜欢滑雪百这并不奇怪， 因为滑雪的确很刺激。可是为了获得速度，滑的区域必须向下倾斜，而且当你滑到坡底，你不得不再次走上坡或者等待升降机来载你。Michael想知道载一个区域中最长底滑坡。区域由一个二维数组给出。数组的每个数字代表点的高度。下面是一个例子 <BR>1 2 3 4 5<BR><BR>16 17 18 19 6<BR><BR>15 24 25 20 7<BR><BR>14 23 22 21 8<BR><BR>13 12 11 10 9<BR><BR>一个人可以从某个点滑向上下左右相邻四个点之一，当且仅当高度减小。在上面的例子中，一条可滑行的滑坡为24-17-16-1。当然25-24-23-...-3-2-1更长。事实上，这是最长的一条。<BR></P>',5,'<P>第一行表示有几组测试数据，输入的第二行表示区域的行数R和列数C(1 &lt;= R,C &lt;= 100)。下面是R行，每行有C个整数，代表高度h，0&lt;=h&lt;=10000。<BR>后面是下一组数据；<BR></P>','65535','<P>输出最长区域的长度。</P>',0,NULL,'经典题目',0,'3000','skiing','计算几何',1,NULL,9),(28,'admin','<PRE id=sample_input>2\r\n10\r\n14</PRE>','1 3 5 7 9 <BR>2 4 6 8 10 <BR><BR>1 3 5 7 9 11 13 <BR>2 4 6 8 10 12 14 <BR>','2013-05-15 17:05:12','<P>有一个整型偶数n(2&lt;= n &lt;=10000),你要做的是：先把1到n中的所有奇数从小到大输出，再把所有的偶数从小到大输出。</P>',1,'<P>第一行有一个整数i（2&lt;=i&lt;30)表示有 i 组测试数据；<BR>每组有一个整型偶数n。</P>','65535','<P>第一行输出所有的奇数<BR>第二行输出所有的偶数<BR></P>',0,NULL,'[苗栋栋]原创',0,'3000','奇偶数分离','动态规划',1,NULL,5),(29,'admin','<PRE id=sample_input>2\r\n2 8 6\r\n1 1\r\n4 5\r\n2 10 6\r\n4 5\r\n6 5</PRE>','<PRE id=sample_output>1\r\n2</PRE>','2013-05-15 17:13:00','<P>有一块草坪，横向长w,纵向长为h,在它的?向中心线上不同位置处装有n(n&lt;=10000)个点状的喷水装置，每个喷水装置i喷水的效果是让以它为中心半径为Ri的圆都被润湿。请在给出的喷水装置中选择尽量少的喷水装置，把整个草坪全部润湿。</P>',4,'<P>第一行输入一个正整数N表示共有n次测试数据。<BR>每一组测试数据的第一行有三个整数n,w,h，n表示共有n个喷水装置，w表示草坪的横向长度，h表示草坪的纵向长度。<BR>随后的n行，都有两个整数xi和ri,xi表示第i个喷水装置的的横坐标（最左边为0），ri表示该喷水装置能覆盖的圆的半径。</P>','65535','<P>每组测试数据输出一个正整数，表示共需要多少个喷水装置，每个输出单独占一行。<BR>如果不存在一种能够把整个草坪湿润的方案，请输出0。</P>',0,NULL,'《算法艺术与信息学竞赛》',0,'3000','喷水装置（二）','数据结构',1,NULL,4),(30,'admin','<PRE id=sample_input>3\r\n1\r\n3\r\n5</PRE>','<PRE id=sample_output>1\r\n2\r\n5</PRE>','2013-05-15 17:14:32','<P>无穷数列1，1，2，3，5，8，13，21，34，55...称为Fibonacci数列，它可以递归地定义为<BR>F(n)=1 ...........(n=1或n=2)<BR>F(n)=F(n-1)+F(n-2).....(n&gt;2)<BR>现要你来求第n个斐波纳奇数。（第1个、第二个都为1)</P>',1,'<P>第一行是一个整数m(m&lt;5)表示共有m组测试数据<BR>每次测试数据只有一行，且只有一个整形数n(n&lt;20)<BR></P>','65535','<P>对每组输入n，输出第n个Fibonacci数</P>',0,NULL,'经典题目',0,'3000','Fibonacci数','数学',1,NULL,10),(31,'admin','<PRE id=sample_input>2\r\n2\r\n1 10\r\n10 11\r\n3\r\n1 10\r\n10 11\r\n11 20\r\n</PRE>','<PRE id=sample_output>1\r\n2</PRE>','2013-05-15 17:15:52','学校的小礼堂每天都会有许多活动，有时间这些活动的计划时间会发生冲突，需要选择出一些活动进行举办。小刘的工作就是安排学校小礼堂的活动，每个时间最多安排一个活动。现在小刘有一些活动计划的时间表，他想尽可能的安排更多的活动，请问他该如何安排。<BR>',4,'<P>第一行是一个整型数m(m&lt;100)表示共有m组测试数据。<BR>每组测试数据的第一行是一个整数n(1&lt;n&lt;10000)表示该测试数据共有n个活动。<BR>随后的n行，每行有两个正整数Bi,Ei(0&lt;=Bi,Ei&lt;10000),分别表示第i个活动的起始与结束时间（Bi&lt;=Ei)<BR></P>','65535','<P>对于每一组输入，输出最多能够安排的活动数量。<BR>每组的输出占一行</P>',0,NULL,'经典题目',0,'3000','会场安排问题','数学',1,NULL,10),(32,'admin','<PRE id=sample_input>4\r\n[]\r\n([])[]\r\n((]\r\n([)]</PRE>','<PRE id=sample_output>0\r\n0\r\n3\r\n2</PRE>','2013-05-15 17:17:11','<P>给你一个字符串，里面只包含\"(\",\")\",\"[\",\"]\"四种符号，请问你需要至少添加多少个括号才能使这些括号匹配起来。<BR>如：<BR>[]是匹配的<BR>([])[]是匹配的<BR>((]是不匹配的<BR>([)]是不匹配的</P>',5,'<P>第一行输入一个正整数N，表示测试数据组数(N&lt;=10)<BR>每组测试数据都只有一行，是一个字符串S，S中只包含以上所说的四种字符，S的长度不超过100</P>','65535','<P>对于每组测试数据都输出一个正整数，表示最少需要添加的括号的数量。每组测试输出占一行</P>',0,NULL,'《算法艺术与信息学竞赛》',0,'1000','括号匹配（二）','数学',1,NULL,10),(33,'admin','<PRE id=sample_input>1\r\n10\r\n1 2\r\n2 4\r\n5 8\r\n6 10\r\n7 9\r\n3 1\r\n5 8\r\n12 10\r\n9 7\r\n2 2\r\n</PRE>','<PRE id=sample_output>5</PRE>','2013-05-15 17:18:19','<P>有n个矩形，每个矩形可以用a,b来描述，表示长和宽。矩形X(a,b)可以嵌套在矩形Y(c,d)中当且仅当a&lt;c,b&lt;d或者b&lt;c,a&lt;d（相当于旋转X90度）。例如（1,5）可以嵌套在（6,2）内，但不能嵌套在（3,4）中。你的任务是选出尽可能多的矩形排成一行，使得除最后一个外，每一个矩形都可以嵌套在下一个矩形内。</P>',4,'<P>第一行是一个正正数N(0&lt;N&lt;10)，表示测试数据组数，<BR>每组测试数据的第一行是一个正正数n，表示该组测试数据中含有矩形的个数(n&lt;=1000)<BR>随后的n行，每行有两个数a,b(0&lt;a,b&lt;100)，表示矩形的长和宽</P>','65535','<P>每组测试数据都输出一个数，表示最多符合条件的矩形数目，每组输出占一行</P>',0,NULL,'',0,'3000','矩形嵌套','矩阵计算',1,NULL,11),(34,'admin','<PRE id=sample_input>3\r\naaa\r\nababc\r\nabklmncdefg</PRE>','<PRE id=sample_output>1\r\n3\r\n7</PRE>','2013-05-15 17:20:08','<P>求一个字符串的最长递增子序列的长度<BR>如：dabdbf最长递增子序列就是abdf，长度为4</P>',4,'<P>第一行一个整数0&lt;n&lt;20,表示有n个字符串要处理<BR>随后的n行，每行有一个字符串，该字符串的长度不会超过10000</P>','65535','<P>输出字符串的最长递增子序列的长度</P>',0,NULL,'经典题目',0,'3000','单调递增最长子序列','计算几何',1,NULL,9),(35,'admin','<PRE id=sample_input>5\r\n7\r\n3 8\r\n8 1 0 \r\n2 7 4 4\r\n4 5 2 6 5\r\n</PRE>','<PRE id=sample_output>30</PRE>','2013-05-15 17:21:38','<DD>\r\n<P align=center>7<BR>3 8<BR>8 1 0<BR>2 7 4 4<BR>4 5 2 6 5<BR>(Figure 1)<BR>Figure 1 shows a number triangle. Write a program that calculates the highest sum of numbers passed on a route that starts at the top and ends somewhere on the base. Each step can go either diagonally down to the left or diagonally down to the right. </P></DD>',4,'<P>Your program is to read from standard input. The first line contains one integer N: the number of rows in the triangle. The following N lines describe the data of the triangle. The number of rows in the triangle is &gt; 1 but &lt;= 100. The numbers in the triangle, all integers, are between 0 and 99.</P>','65535','<P>Your program is to write to standard output. The highest sum is written as an integer.</P>',0,NULL,'个人',0,'1000','The Triangle','数学',1,NULL,10),(36,'admin','<PRE id=sample_input>2\r\n3 1\r\n4 2</PRE>','<PRE id=sample_output>1\r\n2\r\n3\r\n12\r\n13\r\n14\r\n21\r\n23\r\n24\r\n31\r\n32\r\n34\r\n41\r\n42\r\n43</PRE>','2013-05-15 17:23:27','<P>小明十分聪明，而且十分擅长排列计算。比如给小明一个数字5，他能立刻给出1-5按字典序的全排列，如果你想为难他，在这5个数字中选出几个数字让他继续全排列，那么你就错了，他同样的很擅长。现在需要你写一个程序来验证擅长排列的小明到底对不对。</P>',4,'<P>第一行输入整数N（1&lt;N&lt;10）表示多少组测试数据，<BR>每组测试数据第一行两个整数 n m (1&lt;n&lt;9,0&lt;m&lt;=n)</P>','65535','<P>在1-n中选取m个字符进行全排列，按字典序全部输出,每种排列占一行，每组数据间不需分界。如样例</P>',0,NULL,'[hzyqazasdf]原创',0,'1000','擅长排列的小明','计算几何',1,NULL,9),(37,'admin','<PRE id=sample_input>1\r\n10 1\r\n1 9\r\n1 8\r\n8 10\r\n10 3\r\n8 6\r\n1 2\r\n10 4\r\n9 5\r\n3 7\r\n</PRE>','<PRE id=sample_output>-1 1 10 10 9 8 3 1 1 8\r\n</PRE>','2013-05-15 17:24:55','<P>在一个吝啬的国度里有N个城市，这N个城市间只有N-1条路把这个N个城市连接起来。现在，Tom在第S号城市，他有张该国地图，他想知道如果自己要去参观第T号城市，必须经过的前一个城市是几号城市（假设你不走重复的路）。</P>',3,'<P>第一行输入一个整数M表示测试数据共有M(1&lt;=M&lt;=5)组<BR>每组测试数据的第一行输入一个正整数N(1&lt;=N&lt;=100000)和一个正整数S(1&lt;=S&lt;=100000)，N表示城市的总个数，S表示参观者所在城市的编号<BR>随后的N-1行，每行有两个正整数a,b(1&lt;=a,b&lt;=N)，表示第a号城市和第b号城市之间有一条路连通。</P>','65535','<P>每组测试数据输N个正整数，其中，第i个数表示从S走到i号城市，必须要经过的上一个城市的编号。（其中i=S时，请输出-1）</P>',0,NULL,'经典题目',0,'1000','吝啬的国度','数据结构',1,NULL,4),(38,'admin','<PRE id=sample_input>2\r\n6 3 1\r\n4 1 1\r\n9 3 2\r\n7 1 1</PRE>','<PRE id=sample_output>3\r\n-1</PRE>','2013-05-15 17:26:17','<P>给出三个水杯，大小不一，并且只有最大的水杯的水是装满的，其余两个为空杯子。三个水杯之间相互倒水，并且水杯没有标识，只能根据给出的水杯体积来计算。现在要求你写出一个程序，使其输出使初始状态到达目标状态的最少次数。 </P>',4,'<P>第一行一个整数N(0&lt;N&lt;50)表示N组测试数据<BR>接下来每组测试数据有两行，第一行给出三个整数V1 V2 V3 (V1&gt;V2&gt;V3 V1&lt;100 V3&gt;0)表示三个水杯的体积。<BR>第二行给出三个整数E1 E2 E3 （体积小于等于相应水杯体积）表示我们需要的最终状态</P>','65535','<P>每行输出相应测试数据最少的倒水次数。如果达不到目标状态输出-1</P>',0,NULL,'经典题目',0,'1000','三个水杯','计算几何',1,NULL,9),(39,'admin','<PRE id=sample_input>3\r\n5\r\n1 2 3 4 5\r\n8\r\n11 12 13 14 15 16 17 18\r\n10\r\n21 22 23 24 25 26 27 28 29 30\r\n</PRE>','<PRE id=sample_output>10\r\n41\r\n52\r\n</PRE>','2013-05-15 17:27:22','<P>现在给你N个数（0&lt;N&lt;1000），现在要求你写出一个程序，找出这N个数中的所有素数，并求和。</P>',2,'<P>第一行给出整数M(0&lt;M&lt;10)代表多少组测试数据<BR>每组测试数据第一行给你N，代表该组测试数据的数量。<BR>接下来的N个数为要测试的数据，每个数小于1000</P>','65535','<P>每组测试数据结果占一行，输出给出的测试数据的所有素数和</P>',0,NULL,'',0,'3000','素数求和问题','数学',1,NULL,10),(40,'admin','<PRE id=sample_input>2\r\n1000 1\r\n1 100</PRE>','<PRE id=sample_output>Lose\r\nWin</PRE>','2013-05-15 17:29:37','<P>一天，TT在寝室闲着无聊，和同寝的人玩起了取石子游戏，而由于条件有限，他/她们是用旺仔小馒头当作石子。游戏的规则是这样的。设有一堆石子，数量为N（1&lt;=N&lt;=1000000），两个人轮番取出其中的若干个，每次最多取M个（1&lt;=M&lt;=1000000），最先把石子取完者胜利。我们知道，TT和他/她的室友都十分的聪明，那么如果是TT先取，他/她会取得游戏的胜利么？</P>',2,'<P>第一行是一个正整数n表示有n组测试数据<BR>输入有不到1000组数据，每组数据一行，有两个数N和M,之间用空格分隔。</P>','65535','<P>对于每组数据，输出一行。如果先取的TT可以赢得游戏，则输出“Win”，否则输出“Lose”（引号不用输出）</P>',0,NULL,'',0,'3000','取石子（一）','贪心算法',1,NULL,2),(41,'admin','<PRE id=sample_input>3\r\n6\r\n8\r\n10</PRE>','<PRE id=sample_output>5 1\r\n7 1\r\n11 1</PRE>','2013-05-15 17:31:04','<P>现在给出你一些数，要求你写出一个程序，输出这些整数相邻最近的素数，并输出其相距长度。如果左右有等距离长度素数，则输出左侧的值及相应距离。<BR>如果输入的整数本身就是素数，则输出该素数本身，距离输出0</P>',2,'<P>第一行给出测试数据组数N(0&lt;N&lt;=10000)<BR>接下来的N行每行有一个整数M(0&lt;M&lt;1000000)，</P>','65535','<P>每行输出两个整数 A B.<BR>其中A表示离相应测试数据最近的素数，B表示其间的距离。</P>',0,NULL,'',0,'3000','素数距离问题','动态规划',1,NULL,5),(42,'admin','<PRE id=sample_input>1\r\n14</PRE>','<PRE id=sample_output>4</PRE>','2013-05-15 17:36:11','<P>写一个程序，找出给出素数范围内的所有孪生素数的组数。一般来说，孪生素数就是指两个素数距离为2，近的不能再近的相邻素数。有些童鞋一看到题就开始写程序，不仔细看题，咱们为了遏制一下读题不认真仔细的童鞋，规定，两个素数相邻为1的也成为孪生素数。</P>',3,'<P>第一行给出N(0&lt;N&lt;100)表示测试数据组数。<BR>接下来组测试数据给出m，表示找出m之前的所有孪生素数。<BR>(0&lt;m&lt;1000000)</P>','65535','<P>每组测试数据输出占一行，该行为m范围内所有孪生素数组数。</P>',0,NULL,'[hzyqazasdf]原创',0,'3000','孪生素数问题','数学',1,NULL,10),(43,'admin','<PRE id=sample_input>2\r\n3 4\r\n1 0 0 0 \r\n0 0 1 1\r\n1 1 1 0\r\n5 5\r\n1 1 1 1 0\r\n0 0 1 0 1\r\n0 0 0 0 0\r\n1 1 1 0 0\r\n0 0 1 1 1</PRE>','<PRE id=sample_output>2\r\n3</PRE>','2013-05-15 17:37:52','南阳理工学院校园里有一些小河和一些湖泊，现在，我们把它们通一看成水池，假设有一张我们学校的某处的地图，这个地图上仅标识了此处是否是水池，现在，你的任务来了，请用计算机算出该地图中共有几个水池。<BR>',4,'<P>第一行输入一个整数N，表示共有N组测试数据<BR>每一组数据都是先输入该地图的行数m(0&lt;m&lt;100)与列数n(0&lt;n&lt;100)，然后，输入接下来的m行每行输入n个数，表示此处有水还是没水（1表示此处是水池，0表示此处是地面）</P>','65535','<P>输出该地图中水池的个数。<BR>要注意，每个水池的旁边（上下左右四个位置）如果还是水池的话的话，它们可以看做是同一个水池。<BR></P>',0,NULL,'[张云聪]原创',0,'3000','水池数目','贪心算法',1,NULL,2),(44,'admin','<PRE id=sample_input>50</PRE>','<PRE id=sample_output>30414093201713378043612608166064768844377641568960512000000000000\r\n</PRE>','2013-05-15 17:39:16','<P>我们都知道如何计算一个数的阶乘，可是，如果这个数很大呢，我们该如何去计算它并输出它？</P>',3,'<P>输入一个整数m(0&lt;m&lt;=5000)</P>','65535','<P>输出m的阶乘，并在输出结束之后输入一个换行符</P>',0,NULL,'经典题目',0,'3000','大数阶乘','大数问题',1,NULL,7),(45,'admin','<PRE id=sample_input>2\r\n1  2  3  4  5  6  7  8  9\r\n2  3  4  5  6  7  8  9  1\r\n</PRE>','1 4 7<BR>2 5 8<BR>3 6 9<BR>','2013-05-15 17:40:29','<P>求一个三行三列的转置矩阵。</P>',2,'<P>第一行一个整数n&lt;20，表示有n组测试数据，下面是n组数据;<BR>每组测试数据是九个整型数（每个数都不大于10000），分别为矩阵的的每项；<BR></P>','65535','每组测试数据的转置矩阵；<BR>请在每组输出之后加一个换行<BR>',0,NULL,'练习',0,'3000','求转置矩阵问题','矩阵计算',1,NULL,11),(46,'admin','<PRE id=sample_input>2 \r\n1 \r\n10 1 \r\n2 5 \r\n2 \r\n4 \r\n4 \r\n10 15 20 17 \r\n0 3 4 3 \r\n1 2 3 \r\n4 \r\n4 \r\n10 15 50 30 \r\n0 3 4 3 \r\n1 2 3 \r\n0 \r\n</PRE>','45, 5 <BR>Number of fish expected: 31 <BR><BR>240, 0, 0, 0 <BR>Number of fish expected: 480 <BR><BR>115, 10, 50, 35 <BR>Number of fish expected: 724 <BR><BR>','2013-05-15 17:41:57','<P>John is going on a fishing trip. He has h hours available (1 &lt;= h &lt;= 16), and there are n lakes in the area (2 &lt;= n &lt;= 25) all reachable along a single, one-way road. John starts at lake 1, but he can finish at any lake he wants. He can only travel from one lake to the next one, but he does not have to stop at any lake unless he wishes to. For each i = 1,...,n - 1, the number of 5-minute intervals it takes to travel from lake i to lake i + 1 is denoted ti (0 &lt; ti &lt;=192). For example, t3 = 4 means that it takes 20 minutes to travel from lake 3 to lake 4. To help plan his fishing trip, John has gathered some information about the lakes. For each lake i, the number of fish expected to be caught in the initial 5 minutes, denoted fi( fi &gt;= 0 ), is known. Each 5 minutes of fishing decreases the number of fish expected to be caught in the next 5-minute interval by a constant rate of di (di &gt;= 0). If the number of fish expected to be caught in an interval is less than or equal to di , there will be no more fish left in the lake in the next interval. To simplify the planning, John assumes that no one else will be fishing at the lakes to affect the number of fish he expects to catch. <BR>Write a program to help John plan his fishing trip to maximize the number of fish expected to be caught. The number of minutes spent at each lake must be a multiple of 5. <BR></P>',5,'<P>You will be given a number of cases in the input. Each case starts with a line containing n. This is followed by a line containing h. Next, there is a line of n integers specifying fi (1 &lt;= i &lt;=n), then a line of n integers di (1 &lt;=i &lt;=n), and finally, a line of n - 1 integers ti (1 &lt;=i &lt;=n - 1). Input is terminated by a case in which n = 0. <BR></P>','65535','<P>For each test case, print the number of minutes spent at each lake, separated by commas, for the plan achieving the maximum number of fish expected to be caught (you should print the entire plan on one line even if it exceeds 80 characters). This is followed by a line containing the number of fish expected. <BR>If multiple plans exist, choose the one that spends as long as possible at lake 1, even if no fish are expected to be caught in some intervals. If there is still a tie, choose the one that spends as long as possible at lake 2, and so on. Insert a blank line between cases. <BR></P>',0,NULL,'East Central North A',0,'3000','Gone Fishing','搜索',1,NULL,3),(47,'admin','<PRE id=sample_input>1 2 3 4 5</PRE>','<PRE id=sample_output>1 5</PRE>','2013-05-15 17:44:02','<P>设计一个从5个整数中取最小数和最大数的程序</P>',1,'<P>输入只有一组测试数据，为五个不大于1万的正整数</P>','65535','<P>输出两个数，第一个为这五个数中的最小值，第二个为这五个数中的最大值，两个数字以空格格开。</P>',0,NULL,'C语言课本第四章第一题',0,'1000','5个数求最值','语言入门',1,NULL,1),(48,'admin','<PRE id=sample_input>5 3</PRE>','<PRE id=sample_output>543\r\n542\r\n541\r\n532\r\n531\r\n521\r\n432\r\n431\r\n421\r\n321</PRE>','2013-05-15 17:45:43','<P>找出从自然数1、2、... 、n（0&lt;n&lt;10）中任取r(0&lt;r&lt;=n)个数的所有组合。</P>',3,'<P>输入n、r。</P>','65535','<P>按特定顺序输出所有组合。<BR>特定顺序：每一个组合中的值从大到小排列，组合之间按逆字典序排列。</P>',0,NULL,'[苗栋栋]原创',0,'3000','组合数','数学',1,NULL,10),(49,'admin','<PRE id=sample_input>3</PRE>','<PRE id=sample_output>7 8 1\r\n6 9 2\r\n5 4 3</PRE>','2013-05-15 17:46:55','<P>在n*n方陈里填入1,2,...,n*n,要求填成蛇形。例如n=4时方陈为：<BR>10 11 12 1<BR>9 16 13 2<BR>8 15 14 3<BR>7 6 5 4<BR></P>',3,'<P>直接输入方陈的维数，即n的值。(n&lt;=100)</P>','65535','<P>输出结果是蛇形方陈。</P>',0,NULL,'算法经典',0,'3000','蛇形填数','图论',1,NULL,8),(50,'admin','<PRE id=sample_input>2 1 6</PRE>','<PRE id=sample_output>41</PRE>','2013-05-15 17:48:04','<P>相传韩信才智过人，从不直接清点自己军队的人数，只要让士兵先后以三人一排、五人一排、七人一排地变换队形，而他每次只掠一眼队伍的排尾就知道总人数了。输入3个非负整数a,b,c ，表示每种队形排尾的人数（a&lt;3,b&lt;5,c&lt;7），输出总人数的最小值（或报告无解）。已知总人数不小于10，不超过100 。</P>',1,'<P>输入3个非负整数a,b,c ，表示每种队形排尾的人数（a&lt;3,b&lt;5,c&lt;7）。例如,输入：2 4 5</P>','65535','<P>输出总人数的最小值（或报告无解，即输出No answer）。实例，输出：89</P>',0,NULL,'经典算法',0,'3000','韩信点兵','贪心算法',1,NULL,2),(51,'admin','<PRE id=sample_input>2\r\n1.000+2/4=\r\n((1+2)*5+1)/4=</PRE>','<PRE id=sample_output>1.50\r\n4.00</PRE>','2013-05-15 17:49:38','<P>ACM队的mdd想做一个计算器，但是，他要做的不仅仅是一计算一个A+B的计算器，他想实现随便输入一个表达式都能求出它的值的计算器，现在请你帮助他来实现这个计算器吧。<BR>比如输入：“1+2/4=”，程序就输出1.50（结果保留两位小数）</P>',4,'<P>第一行输入一个整数n，共有n组测试数据（n&lt;10)。<BR>每组测试数据只有一行，是一个长度不超过1000的字符串，表示这个运算式，每个运算式都是以“=”结束。这个表达式里只包含+-*/与小括号这几种符号。其中小括号可以嵌套使用。数据保证输入的操作数中不会出现负数。<BR>数据保证除数不会为0</P>','65535','<P>每组都输出该组运算式的运算结果，输出结果保留两位小数。</P>',0,NULL,'数据结构课本例题改进',0,'3000','表达式求值','数据结构',1,NULL,4),(52,'admin','<PRE id=sample_input>2\r\nasdf\r\nadfsd\r\n123abc\r\nabc123abc</PRE>','<PRE id=sample_output>3\r\n6</PRE>','2013-05-15 17:50:45','<P>咱们就不拐弯抹角了，如题，需要你做的就是写一个程序，得出最长公共子序列。<BR>tip：最长公共子序列也称作最长公共子串(不要求连续)，英文缩写为LCS（Longest Common Subsequence）。其定义是，一个序列 S ，如果分别是两个或多个已知序列的子序列，且是所有符合此条件序列中最长的，则 S 称为已知序列的最长公共子序列。</P>',3,'<P>第一行给出一个整数N(0&lt;N&lt;100)表示待测数据组数<BR>接下来每组数据两行，分别为待测的两组字符串。每个字符串长度不大于1000.</P>','65535','<P>每组测试数据输出一个整数，表示最长公共子序列长度。每组结果占一行。</P>',0,NULL,'经典',0,'3000','最长公共子序列','动态规划',1,NULL,5),(53,'admin','<PRE id=sample_input>1\r\nAb3bd</PRE>','2','2013-05-15 17:51:58','<P>所谓回文字符串，就是一个字符串，从左到右读和从右到左读是完全一样的，比如\"aba\"。当然，我们给你的问题不会再简单到判断一个字符串是不是回文字符串。现在要求你，给你一个字符串，可在任意位置添加字符，最少再添加几个字符，可以使这个字符串成为回文字符串。</P>',4,'<P>第一行给出整数N（0&lt;N&lt;100）<BR>接下来的N行，每行一个字符串，每个字符串长度不超过1000.</P>','65535','<P>每行输出所需添加的最少字符数</P>',0,NULL,'IOI 2000',0,'3000','回文字符串','语言入门',1,NULL,1),(54,'admin','<PRE id=sample_input>1\r\n4 6\r\n1 2 10\r\n2 3 10\r\n3 1 10\r\n1 4 1\r\n2 4 1\r\n3 4 1\r\n1 3 5 6</PRE>','<PRE id=sample_output>4</PRE>','2013-05-15 17:55:17','<P>南阳理工学院要进行用电线路改造，现在校长要求设计师设计出一种布线方式，该布线方式需要满足以下条件：<BR>1、把所有的楼都供上电。<BR>2、所用电线花费最少<BR></P>',4,'<P>第一行是一个整数n表示有n组测试数据。(n&lt;5)<BR>每组测试数据的第一行是两个整数v,e.<BR>v表示学校里楼的总个数(v&lt;=500)<BR>随后的e行里，每行有三个整数a,b,c表示a与b之间如果建铺设线路花费为c(c&lt;=100)。（哪两栋楼间如果没有指明花费，则表示这两栋楼直接连通需要费用太大或者不可能连通）<BR>随后的1行里，有v个整数,其中第i个数表示从第i号楼接线到外界供电设施所需要的费用。( 0&lt;e&lt;v*(v-1)/2 )<BR>（楼的编号从1开始），由于安全问题，只能选择一个楼连接到外界供电设备。<BR>数据保证至少存在一种方案满足要求。</P>','65535','<P>每组测试数据输出一个正整数,表示铺设满足校长要求的线路的最小花费。</P>',0,NULL,'[张云聪]原创',0,'1000','布线问题','动态规划',1,NULL,5),(55,'admin','<PRE id=sample_input>153\r\n154\r\n0</PRE>','<PRE id=sample_output>Yes\r\nNo</PRE>','2013-05-15 17:56:36','<P>请判断一个数是不是水仙花数。<BR>其中水仙花数定义各个位数立方和等于它本身的三位数。</P>',1,'<P>有多组测试数据，每组测试数据以包含一个整数n(100&lt;=n&lt;1000)<BR>输入0表示程序输入结束。</P>','65535','<P>如果n是水仙花数就输出Yes<BR>否则输出No</P>',0,NULL,'C语言课本习题改编',0,'1000','水仙花数','语言入门',1,NULL,1),(56,'admin','<PRE id=sample_input>3\r\n6 6\r\n12 11\r\n33 22\r\n</PRE>','<PRE id=sample_output>6 6\r\n1 132\r\n11 66</PRE>','2013-05-15 17:57:52','<P>小明被一个问题给难住了，现在需要你帮帮忙。问题是：给出两个正整数，求出它们的最大公约数和最小公倍数。</P>',1,'<P>第一行输入一个整数n（0&lt;n&lt;=10000)，表示有n组测试数据;<BR>随后的n行输入两个整数i,j（0&lt;i,j&lt;=32767)。</P>','65535','<P>输出每组测试数据的最大公约数和最小公倍数</P>',0,NULL,'[苗栋栋]原创',0,'1000','公约数和公倍数','数学',1,NULL,10),(57,'admin','<PRE id=sample_input>20 7 33</PRE>','<PRE id=sample_output>7 20 33</PRE>','2013-05-15 17:59:11','<DD>\r\n<P>现在要写一个程序，实现给三个数排序的功能</P></DD>',1,'<P>输入三个正整数</P>','65535','<P>给输入的三个正整数排序</P>',0,NULL,'[张洁烽]原创',0,'3000','三个数从小到大排序','语言入门',1,NULL,1),(58,'admin','<PRE id=sample_input>2\r\n4 3\r\n1 2\r\n1 3\r\n1 4\r\n4 5\r\n1 2\r\n2 3\r\n1 3\r\n1 4\r\n3 4</PRE>','<PRE id=sample_output>No\r\nYes</PRE>','2013-05-15 18:00:27','<P><SPAN style=\"FONT-FAMILY: SimSun\">zyc从小就比较喜欢玩一些小游戏，其中就包括画一笔画，他想请你帮他写一个程序，判断一个图是否能够用一笔画下来。</SPAN></P>\r\n<P><SPAN style=\"LINE-HEIGHT: 19px; FONT-FAMILY: SimSun; FONT-SIZE: 14px\" class=Apple-style-span>规定，所有的边都只能画一次，不能重复画。</SPAN></P>',4,'<P>第一行只有一个正整数N(N&lt;=10)表示测试数据的组数。<BR>每组测试数据的第一行有两个正整数P,Q(P&lt;=1000,Q&lt;=2000)，分别表示这个画中有多少个顶点和多少条连线。（点的编号从1到P）<BR>随后的Q行，每行有两个正整数A,B(0&lt;A,B&lt;P)，表示编号为A和B的两点之间有连线。</P>','65535','<P>如果存在符合条件的连线，则输出\"Yes\",<BR>如果不存在符合条件的连线，输出\"No\"。</P>',0,NULL,'[张云聪]原创',0,'3000','一笔画问题','图论',1,NULL,8),(59,'admin','<PRE id=sample_input>2\r\n4 24 3 3 8 8\r\n3 24 8 3 3</PRE>','<PRE id=sample_output>Yes\r\nNo</PRE>','2013-05-15 18:01:56','<DD>\r\n<DIV style=\"PADDING-BOTTOM: 5px; BACKGROUND-COLOR: #ffffff; MARGIN: 0px; PADDING-LEFT: 5px; PADDING-RIGHT: 5px; FONT: medium Simsun; COLOR: #000000; PADDING-TOP: 5px\">\r\n<P style=\"MARGIN: 5px 0px\">There is a game which is called 24 Point game.</P>\r\n<P style=\"MARGIN: 5px 0px\">In this game , you will be given some numbers. Your task is to find an expression which have all the given numbers and the value of the expression should be 24 .The expression mustn\'t have any other operator except plus,minus,multiply,divide and the brackets.&nbsp;</P>\r\n<P style=\"MARGIN: 5px 0px\">e.g. If the numbers you are given is \"3 3 8 8\", you can give \"8/(3-8/3)\" as an answer. All the numbers should be used and the bracktes can be nested.&nbsp;</P>\r\n<P style=\"MARGIN: 5px 0px\">Your task in this problem is only to judge whether the given numbers can be used to find a expression whose value is the given number。</P></DIV></DD>',5,'<P>The input has multicases and each case contains one line<BR>The first line of the input is an non-negative integer C(C&lt;=100),which indicates the number of the cases.<BR>Each line has some integers,the first integer M(0&lt;=M&lt;=5) is the total number of the given numbers to consist the expression,the second integers N(0&lt;=N&lt;=100) is the number which the value of the expression should be.<BR>Then,the followed M integer is the given numbers. All the given numbers is non-negative and less than 100<BR></P>','65535','<P>For each test-cases,output \"Yes\" if there is an expression which fit all the demands,otherwise output \"No\" instead.</P>',0,NULL,'经典改编',0,'3000','24 Point game','图论',1,NULL,8),(60,'admin','<PRE id=sample_input>1\r\n5\r\n1 2 -1 3 -2\r\n</PRE>','<PRE id=sample_output>5</PRE>','2013-05-15 18:04:25','<P><SPAN style=\"FONT-FAMILY: Verdana, 宋体; COLOR: #121c46\" class=Apple-style-span><FONT face=\"\">给定一整型数列{a<SUB><FONT size=2>1</FONT></SUB>,a<SUB><FONT size=2>2</FONT></SUB>...,a<SUB><FONT size=2>n</FONT></SUB>}，找出连续非空子串{a<SUB><FONT size=2>x</FONT></SUB>,a<SUB><FONT size=2>x+1</FONT></SUB>,...,a<SUB><FONT size=2>y</FONT></SUB>}，使得该子序列的和最大，其中，1&lt;=x&lt;=y&lt;=n。</FONT></SPAN></P>',3,'<P>第一行是一个整数N(N&lt;=10)表示测试数据的组数）<BR>每组测试数据的第一行是一个整数n表示序列中共有n个整数，随后的一行里有n个整数I(-100=&lt;I&lt;=100)，表示数列中的所有元素。(0&lt;n&lt;=1000000)</P>','65535','<P>对于每组测试数据输出和最大的连续子串的和。</P>',0,NULL,'经典问题',0,'5000','子串和','语言入门',1,NULL,1),(61,'admin','<PRE id=sample_input>3\r\n1\r\n2\r\n3</PRE>','<PRE id=sample_output>1\r\n5\r\n21</PRE>','2013-05-15 18:06:27','<P align=left>在一个2<SUP><FONT size=2>k</FONT></SUP>×2<SUP><FONT size=2>k</FONT></SUP>（1&lt;=k&lt;=100）的棋盘中恰有一方格被覆盖，如图1（k=2时），现用一缺角的2×2方格（图2为其中缺右下角的一个），去覆盖2<SUP><FONT size=2>k</FONT></SUP>×2<SUP><FONT size=2>k</FONT></SUP>未被覆盖过的方格，求需要类似图2方格总的个数s。如k=1时，s=1;k=2时，s=5</P>',3,'<P>第一行m表示有m组测试数据；<BR>每一组测试数据的第一行有一个整数数k;</P>','65535','<P>输出所需个数s;</P>',0,NULL,'《算法设计》题',0,'3000','棋盘覆盖','动态规划',1,NULL,5),(62,'admin','<PRE id=sample_input>3\r\n2\r\n3\r\n4</PRE>','<PRE id=sample_output>1\r\n2\r\n2</PRE>','2013-05-15 18:11:19','<P>给你一个非零整数，让你求这个数的n次方，每次相乘的结果可以在后面使用，求至少需要多少次乘。如2<SUP>4</SUP>：2*2=2<SUP>2</SUP>（第一次乘），2<SUP>2</SUP>*2<SUP>2</SUP>=2<SUP>4</SUP>（第二次乘），所以最少共2次；</P>',3,'<P>第一行m表示有m(1&lt;=m&lt;=100)组测试数据；<BR>每一组测试数据有一整数n（0&lt;n&lt;=10000）;</P>','65535','<P>输出每组测试数据所需次数s;</P>',0,NULL,'网上',0,'1000','最少乘法次数','计算几何',1,NULL,9),(63,'admin','<PRE id=sample_input><PRE id=sample_input>1\r\n4\r\n1 2 5 10</PRE></PRE>','<PRE id=sample_output><PRE id=sample_output>17</PRE></PRE>','2013-05-15 18:12:34','<DD>\r\n<P><SPAN style=\"LINE-HEIGHT: 23px; FONT-FAMILY: verdana, arial; COLOR: #111111; FONT-SIZE: 13px\" class=Apple-style-span><FONT face=\"\">在漆黑的夜里，N位旅行者来到了一座狭窄而且没有护栏的桥边。如果不借助手电筒的话，大家是无论如何也不敢过桥去的。不幸的是，N个人一共只带了一只手电筒，而桥窄得只够让两个人同时过。如果各自单独过桥的话，N人所需要的时间已知；而如果两人同时过桥，所需要的时间就是走得比较慢的那个人单独行动时所需的时间。问题是，如何设计一个方案，让这N人尽快过桥。&nbsp;</FONT></SPAN></P></DD>',5,'<P>第一行是一个整数T(1&lt;=T&lt;=20)表示测试数据的组数<BR>每组测试数据的第一行是一个整数N(1&lt;=N&lt;=1000)表示共有N个人要过河<BR>每组测试数据的第二行是N个整数Si,表示此人过河所需要花时间。(0&lt;Si&lt;=100)</P>','65535','<P>输出所有人都过河需要用的最少时间</P>',0,NULL,'POJ',0,'1000','过河问题','动态规划',1,NULL,5),(64,'admin','<PRE id=sample_output><PRE id=sample_input>10\r\n20 40 32 67 40 20 89 300 400 15</PRE></PRE>','<PRE id=sample_output>8\r\n15 20 32 40 67 89 300 400</PRE>','2013-05-15 18:15:29','<P>小明的老师布置了一份调查作业，小明想在学校中请一些同学一起做一项问卷调查，聪明的小明为了实验的客观性，想利用自己的计算机知识帮助自己。他先用计算机生成了N个1到1000之间的随机整数（0&lt;N≤1000），对于其中重复的数字，只保留一个，把其余相同的数去掉，不同的数对应着不同的学生的学号。然后再把这些数从小到大排序，按照排好的顺序去找同学做调查。请你协助明明完成“去重”与“排序”的工作。</P>',1,'<P>输入有2行，第1行为1个正整数，表示所生成的随机数的个数：<BR>N<BR>第2行有N个用空格隔开的正整数，为所产生的随机数。</P>\r\n<DT>输出</DT>\r\n<P>输出也是2行，第1行为1个正整数M，表示不相同的随机数的个数。第2行为M个用空格隔开的正整数，为从小到大排好序的不相同的随机数。</P>','65535','<P>输出也是2行，第1行为1个正整数M，表示不相同的随机数的个数。第2行为M个用空格隔开的正整数，为从小到大排好序的不相同的随机数。</P>',0,NULL,'[hzyqazasdf]原创',0,'1000','小明的调查作业','数据结构',1,NULL,4),(65,'woshilisi','<P>5</P>\r\n<P>1 2 3 1 1</P>\r\n<P>1 1 1 1 1</P>\r\n<P>2 2 2 2 2</P>\r\n<P>3 3 3 3 3 </P>\r\n<P>4 4 4 4 4</P>','<P>8</P>\r\n<P>5</P>\r\n<P>10</P>\r\n<P>15</P>\r\n<P>20</P>','2013-05-17 13:29:29','<P>请输入一个正整数n，然后输入n行数，每一行数为5个，然后输出这n行数，每一行数的和。</P>',2,'<P>n</P>\r\n<P>a b c d e f</P>\r\n<P>g h i j k l</P>\r\n<P>m n o p q r</P>\r\n<P>...........</P>\r\n<P>s t u v w x</P>','65535','<P>a + b + c + d + e + f</P>\r\n<P>g + h + i + j + k + l</P>\r\n<P>m + n + o + p + q + r</P>\r\n<P>...........</P>\r\n<P>s + t + u + v + w + x</P>',19,NULL,'原创',39,'5000','数组求和问题','矩阵计算',3,NULL,11);
/*!40000 ALTER TABLE `t_problem` ENABLE KEYS */;
UNLOCK TABLES;

--
-- Table structure for table `t_submit`
--

DROP TABLE IF EXISTS `t_submit`;
/*!40101 SET @saved_cs_client     = @@character_set_client */;
/*!40101 SET character_set_client = utf8 */;
CREATE TABLE `t_submit` (
  `submitId` bigint(20) NOT NULL AUTO_INCREMENT,
  `firstTrueDate` datetime DEFAULT NULL,
  `lastSubmitDate` datetime DEFAULT NULL,
  `passCount` bigint(20) NOT NULL,
  `state` int(11) NOT NULL,
  `submitCount` bigint(20) NOT NULL,
  `problemId` bigint(20) NOT NULL,
  `userId` bigint(20) NOT NULL,
  `matchId` bigint(20) DEFAULT NULL,
  PRIMARY KEY (`submitId`),
  KEY `FKCADC4018A5A48362` (`userId`),
  KEY `FKCADC4018A28E3F88` (`problemId`),
  KEY `FK7E5492434956AC14` (`matchId`),
  CONSTRAINT `FK7E5492434956AC14` FOREIGN KEY (`matchId`) REFERENCES `t_match` (`matchId`),
  CONSTRAINT `FKCADC4018A28E3F88` FOREIGN KEY (`problemId`) REFERENCES `t_problem` (`problemId`),
  CONSTRAINT `FKCADC4018A5A48362` FOREIGN KEY (`userId`) REFERENCES `t_user` (`userId`)
) ENGINE=InnoDB AUTO_INCREMENT=63 DEFAULT CHARSET=gbk;
/*!40101 SET character_set_client = @saved_cs_client */;

--
-- Dumping data for table `t_submit`
--

LOCK TABLES `t_submit` WRITE;
/*!40000 ALTER TABLE `t_submit` DISABLE KEYS */;
INSERT INTO `t_submit` VALUES (1,'2013-03-09 21:26:05','2013-03-09 21:27:59',3,1,6,1,1,NULL),(2,'2013-03-09 22:25:02','2013-03-09 22:25:02',1,1,3,7,1,1),(3,'2013-03-09 22:26:58','2013-04-14 20:31:48',1,1,6,7,3,1),(4,'2013-03-09 22:36:34','2013-03-09 22:36:34',1,1,2,8,3,1),(5,'2013-03-09 22:38:58','2013-03-09 22:38:58',1,1,1,14,3,1),(6,'2013-03-09 22:40:02','2013-03-09 22:40:02',1,1,3,11,3,1),(7,NULL,'2013-04-24 21:19:00',0,0,3,2,8,NULL),(8,'2013-04-08 20:59:51','2013-04-08 20:59:51',1,1,1,11,8,1),(9,NULL,'2013-04-24 21:24:19',0,0,2,7,8,1),(10,'2013-04-08 21:12:13','2013-04-23 23:31:22',1,1,7,7,7,1),(11,'2013-04-08 21:13:00','2013-04-08 21:13:00',1,1,1,11,7,1),(12,'2013-04-08 21:17:41','2013-04-08 21:17:41',1,1,3,7,4,1),(13,'2013-04-08 21:18:33','2013-04-08 21:18:33',1,1,2,14,4,1),(14,NULL,'2013-04-08 21:33:51',0,0,3,6,4,NULL),(15,'2013-04-08 21:40:51','2013-04-08 21:41:34',2,1,4,2,4,NULL),(16,'2013-04-08 21:35:36','2013-04-29 12:02:23',3,1,5,1,4,NULL),(17,'2013-04-09 22:47:12','2013-04-09 23:09:40',1,1,3,7,9,1),(18,'2013-04-09 22:49:07','2013-04-09 22:49:07',1,1,3,11,9,1),(19,NULL,'2013-04-12 23:12:41',0,0,1,15,8,NULL),(20,NULL,'2013-04-12 23:12:48',0,0,1,6,8,NULL),(21,'2013-04-12 23:14:54','2013-05-24 09:42:00',19,1,42,1,8,NULL),(22,NULL,'2013-04-14 20:48:05',0,0,1,7,13,1),(23,NULL,'2013-04-14 21:59:03',0,0,1,7,14,1),(24,NULL,'2013-04-14 21:59:18',0,0,1,9,14,1),(25,'2013-04-21 14:24:50','2013-04-24 00:44:39',1,1,5,16,8,NULL),(26,'2013-04-21 14:28:40','2013-04-24 21:18:28',1,1,3,17,8,NULL),(27,NULL,'2013-04-23 23:14:45',0,0,1,17,7,NULL),(28,NULL,'2013-04-23 23:30:12',0,0,1,9,7,NULL),(29,NULL,'2013-04-24 00:57:07',0,0,1,3,8,NULL),(30,'2013-04-24 00:59:23','2013-04-24 00:59:23',1,1,2,1,15,NULL),(31,NULL,'2013-04-24 00:57:55',0,0,1,2,15,NULL),(32,'2013-04-24 01:04:10','2013-04-24 01:04:10',1,1,2,7,15,1),(33,NULL,'2013-04-24 01:03:20',0,0,1,8,15,1),(34,'2013-04-24 01:09:02','2013-04-24 01:09:02',1,1,3,1,2,NULL),(35,NULL,'2013-04-24 01:08:12',0,0,1,2,2,NULL),(36,NULL,'2013-04-24 01:08:16',0,0,1,3,2,NULL),(37,NULL,'2013-04-24 01:10:06',0,0,1,11,2,1),(38,NULL,'2013-04-24 01:12:15',0,0,2,14,2,1),(39,'2013-04-24 01:12:49','2013-04-24 01:12:49',1,1,1,7,2,1),(40,NULL,'2013-04-24 01:17:52',0,0,1,17,3,NULL),(41,NULL,'2013-04-24 01:17:56',0,0,1,16,3,NULL),(42,NULL,'2013-04-24 01:18:03',0,0,1,2,3,NULL),(43,'2013-04-24 01:18:48','2013-04-24 01:18:48',1,1,3,1,3,NULL),(44,NULL,'2013-04-24 20:23:30',0,0,1,1,9,NULL),(45,NULL,'2013-04-24 20:23:41',0,0,1,17,9,NULL),(46,NULL,'2013-04-24 20:30:16',0,0,1,18,9,4),(47,NULL,'2013-04-24 21:19:46',0,0,3,18,8,4),(48,NULL,'2013-04-24 21:32:01',0,0,1,12,8,1),(49,NULL,'2013-04-24 21:39:02',0,0,1,17,16,NULL),(50,NULL,'2013-04-30 18:17:48',0,0,1,4,3,NULL),(51,NULL,'2013-04-30 18:22:28',0,0,2,1,10,NULL),(52,NULL,'2013-04-30 18:22:33',0,0,1,2,10,NULL),(53,NULL,'2013-04-30 18:22:37',0,0,1,4,10,NULL),(54,NULL,'2013-04-30 18:22:43',0,0,1,6,10,NULL),(55,NULL,'2013-04-30 18:22:56',0,0,2,15,10,NULL),(56,NULL,'2013-05-01 20:50:40',0,0,1,17,17,NULL),(57,NULL,'2013-05-01 20:55:19',0,0,2,1,17,NULL),(58,NULL,'2013-05-15 17:10:12',0,0,1,6,19,NULL),(59,'2013-05-17 13:38:36','2013-05-25 01:12:27',13,1,27,65,8,NULL),(60,'2013-05-17 13:50:37','2013-05-17 14:00:34',1,1,3,65,1,NULL),(61,'2013-05-20 22:40:10','2013-05-21 00:00:33',10,1,27,1,19,NULL),(62,'2013-05-23 13:08:18','2013-05-24 09:03:44',5,1,9,65,21,NULL);
/*!40000 ALTER TABLE `t_submit` ENABLE KEYS */;
UNLOCK TABLES;

--
-- Table structure for table `t_testdata`
--

DROP TABLE IF EXISTS `t_testdata`;
/*!40101 SET @saved_cs_client     = @@character_set_client */;
/*!40101 SET character_set_client = utf8 */;
CREATE TABLE `t_testdata` (
  `testDataId` bigint(20) NOT NULL AUTO_INCREMENT,
  `createDate` datetime NOT NULL,
  `input` longtext NOT NULL,
  `output` longtext NOT NULL,
  `problemId` bigint(20) NOT NULL,
  PRIMARY KEY (`testDataId`),
  KEY `FKBB9E0F5CA28E3F88` (`problemId`),
  CONSTRAINT `FKBB9E0F5CA28E3F88` FOREIGN KEY (`problemId`) REFERENCES `t_problem` (`problemId`)
) ENGINE=InnoDB AUTO_INCREMENT=35 DEFAULT CHARSET=gbk;
/*!40101 SET character_set_client = @saved_cs_client */;

--
-- Dumping data for table `t_testdata`
--

LOCK TABLES `t_testdata` WRITE;
/*!40000 ALTER TABLE `t_testdata` DISABLE KEYS */;
INSERT INTO `t_testdata` VALUES (1,'2013-03-09 21:20:59','5','9',6),(2,'2013-03-09 21:20:46','3','4',6),(3,'2013-03-09 21:21:18','2 2','4',1),(4,'2013-03-09 21:21:27','12 12','24',1),(5,'2013-03-09 21:58:22','1 1','2',7),(6,'2013-03-09 21:58:33','11 11','22',7),(7,'2013-03-09 21:58:39','111 111','222',7),(8,'2013-03-09 22:28:05','2 2','4',8),(9,'2013-03-09 22:28:12','22 22','44',8),(10,'2013-03-09 22:36:47','3 3','6',9),(11,'2013-03-09 22:36:52','33 33','66',9),(12,'2013-03-09 22:37:12','4 4','8',10),(13,'2013-03-09 22:37:17','44 44','88',10),(14,'2013-03-09 22:37:29','5 5','10',11),(15,'2013-03-09 22:37:49','6 6','12',12),(16,'2013-03-09 22:37:58','66 66','132',12),(17,'2013-03-09 22:38:11','7 7','14',13),(18,'2013-03-09 22:38:23','8 8','16',14),(19,'2013-05-18 12:04:31','88 88','176',14),(20,'2013-04-07 20:12:37','100','5050',2),(21,'2013-04-07 20:12:44','3','6',2),(22,'2013-04-07 20:12:49','1','1',2),(23,'2013-04-08 23:35:50','1','1',15),(24,'2013-04-21 14:19:16','1','*',16),(25,'2013-04-21 14:19:42','6','*\r\n**\r\n***\r\n****\r\n*****\r\n******',16),(26,'2013-04-21 14:27:10','1','*',17),(27,'2013-04-21 14:27:21','4','****\r\n***\r\n**\r\n*',17),(28,'2013-04-24 00:52:32','1','1',3),(29,'2013-04-24 20:28:40','1 1','2',18),(30,'2013-04-24 20:28:55','22 22','44',18),(31,'2013-04-30 18:17:27','3','18',4),(32,'2013-05-17 13:30:11','5\r\n1 1 1 1 1\r\n2 2 2 2 2\r\n3 3 3 3 3\r\n4 4 4 4 4\r\n5 5 5 5 5','5\r\n10\r\n15\r\n20\r\n25',65),(33,'2013-05-17 13:30:52','2\r\n12 12 12 12 12\r\n11 11 11 11 11','60\r\n55',65),(34,'2013-05-17 13:31:33','1\r\n22 22 22 22 22','110',65);
/*!40000 ALTER TABLE `t_testdata` ENABLE KEYS */;
UNLOCK TABLES;

--
-- Table structure for table `t_type`
--

DROP TABLE IF EXISTS `t_type`;
/*!40101 SET @saved_cs_client     = @@character_set_client */;
/*!40101 SET character_set_client = utf8 */;
CREATE TABLE `t_type` (
  `typeId` bigint(20) NOT NULL AUTO_INCREMENT,
  `createDate` datetime NOT NULL,
  `problemCount` bigint(20) NOT NULL,
  `typeName` varchar(20) NOT NULL,
  PRIMARY KEY (`typeId`)
) ENGINE=InnoDB AUTO_INCREMENT=12 DEFAULT CHARSET=gbk;
/*!40101 SET character_set_client = @saved_cs_client */;

--
-- Dumping data for table `t_type`
--

LOCK TABLES `t_type` WRITE;
/*!40000 ALTER TABLE `t_type` DISABLE KEYS */;
INSERT INTO `t_type` VALUES (1,'2013-05-21 09:13:27',7,'语言入门'),(2,'2013-05-15 17:48:04',3,'贪心算法'),(3,'2013-05-18 10:12:25',1,'搜索'),(4,'2013-05-15 18:15:29',8,'数据结构'),(5,'2013-05-15 18:12:34',6,'动态规划'),(6,'2013-05-15 17:34:43',5,'STL练习'),(7,'2013-05-15 17:39:16',1,'大数问题'),(8,'2013-05-15 18:01:56',5,'图论'),(9,'2013-05-15 18:11:19',8,'计算几何'),(10,'2013-05-15 17:57:52',12,'数学'),(11,'2013-05-17 13:29:29',3,'矩阵计算');
/*!40000 ALTER TABLE `t_type` ENABLE KEYS */;
UNLOCK TABLES;

--
-- Table structure for table `t_user`
--

DROP TABLE IF EXISTS `t_user`;
/*!40101 SET @saved_cs_client     = @@character_set_client */;
/*!40101 SET character_set_client = utf8 */;
CREATE TABLE `t_user` (
  `userId` bigint(20) NOT NULL AUTO_INCREMENT,
  `answer` varchar(30) NOT NULL,
  `commentEnable` bit(1) NOT NULL,
  `createDate` datetime NOT NULL,
  `email` varchar(50) NOT NULL,
  `falseProblemCount` int(11) NOT NULL,
  `passCount` int(11) NOT NULL,
  `password` varchar(60) NOT NULL,
  `picture` varchar(20) NOT NULL,
  `question` varchar(30) NOT NULL,
  `submitCount` int(11) NOT NULL,
  `trueProblemCount` int(11) NOT NULL,
  `userEnable` bit(1) NOT NULL,
  `userName` varchar(16) NOT NULL,
  `otherInfoId` bigint(20) NOT NULL,
  PRIMARY KEY (`userId`),
  UNIQUE KEY `otherInfoId` (`otherInfoId`),
  KEY `FK36EBCBC84D9A66` (`otherInfoId`),
  CONSTRAINT `FK36EBCBC84D9A66` FOREIGN KEY (`otherInfoId`) REFERENCES `t_otherinfo` (`otherInfoId`)
) ENGINE=InnoDB AUTO_INCREMENT=31 DEFAULT CHARSET=gbk;
/*!40101 SET character_set_client = @saved_cs_client */;

--
-- Dumping data for table `t_user`
--

LOCK TABLES `t_user` WRITE;
/*!40000 ALTER TABLE `t_user` DISABLE KEYS */;
INSERT INTO `t_user` VALUES (1,'江苏无锡','','2013-03-09 19:49:04','573546261@qq.com',0,4,'8C0A69A61E9B3C3D35D69A78E9862FE755A09875C1844D079ED4E4FA','default.jpg','你在哪里实习？',9,2,'','yamaxifeng_132',1),(2,'我的爸爸！','','2013-03-09 20:22:47','zhaogang@qq.com',2,1,'AFF8B0C7E6200608291AF291F0ED827F66DB926DCA56E2384DCCE053','default.jpg','你的启蒙老师叫什么',5,1,'','zhaogang',2),(3,'河南省商城市','','2013-03-09 20:25:20','houyajun@qq.com',4,1,'EF8369343D75BDE2C688D222176BD204799B8A259D243FDE0D106432','default.jpg','你的出生地是哪里？',7,1,'','houyajun',3),(4,'1964-02-13这一天','','2013-03-09 20:27:21','maojinlin@qq.com',1,5,'864FFCA22718AB157CA8256D608C3F896A566AA88D2019CB7212C361','default.jpg','你母亲的生日是什么时候？------',12,2,'','maojinlin',4),(5,'周杰伦','','2013-03-09 20:36:28','fugaoyang@qq.com',0,0,'DC8E3C7F3AB755A738F7B9BDA019E01FADEB788061CFEE73AC9B8EAE','default.jpg','你最喜欢的明星是谁？',0,0,'','fugaoyang',5),(6,'河南省信阳市','','2013-03-09 20:38:48','xiaoming@qq.com',0,0,'E13E9B9261D513C212F0BFB02E67F81E496A9200EAC35412314EE9FA','default.jpg','你的出生地是哪里？',0,0,'','xiaoming',6),(7,'河南财经大学','','2013-03-09 20:40:16','wangke@qq.com',1,0,'9153753C033ED18C01A69D4D2D8BD948136D203ACA92C2414E237562','default.jpg','你高中在哪所学校就读？',1,0,'','wangke',7),(8,'安徽理工大学','','2013-04-07 20:09:20','bingbing@qq.com',4,34,'1B0ECFB518F9C8816C6BA3D2100D7F617E7744809B306909EC14822F','default.jpg','你高中在哪所学校就读？--',83,4,'','bingbing',8),(9,'wangke','','2013-04-09 22:10:14','wangkee@qq.com',2,0,'79BB05742F7E3603E70E7E02C936DD9DA17E6DF7F4069B49F30505BC','default.jpg','你的启蒙老师叫什么',2,0,'','蔡冰冰',9),(10,'abcdef123','','2013-04-09 23:47:48','abcdef@qq.com',5,0,'611CFC9059046710B30F0152E66EC1AC93BBF42B84874E3323766AB9','default.jpg','123wdfasfda',7,0,'','abcdef',10),(11,'问题的答案啊！','','2013-04-12 22:50:09','jim@qq.com',0,0,'9926193EBB9C946DAE03E1BAF6A899DC9B4D3F8F97115EA329E279D8','default.jpg','这是一个自定义问题',0,0,'','jim.fu',11),(12,'jakefu','','2013-04-12 22:56:31','jakefu@qq.com',0,0,'B8F6B8EF8A761D22FCFADC9843A72FC7CF7753A44C69D5A9CBA38221','default.jpg','你母亲的生日是什么时候？',0,0,'','jakefu',12),(13,'你可以试问天下！','','2013-04-12 23:02:05','zhangwuji@qq.com',0,0,'1E312D0DB584B79D61D56E52EB12AC82F6F548288BA8823B99631BFD','default.jpg','谁与争锋？',0,0,'','zhangwuji',13),(14,'我是卧龙！！！','','2013-04-14 21:36:17','123123',0,0,'C3BF2407D11EF0E417919C721954665FF4896056BE6077BFF5C57CBF','default.jpg','我是谁？',0,0,'','诸葛亮',14),(15,'eBaoTech网络有限公司','','2013-04-14 21:54:57','yongluxie@ebaotech.com',1,1,'09E6CE7E81272B73DDF4B9540171C21FFE9D1F2E326B7B99E6F5D921','default.jpg','你在哪家公司工作？',3,1,'','yonglu.xie',15),(16,'15055632431','','2013-04-24 21:35:51','1193607935@qq.com',1,0,'8556A6041BE5014D9A210E16A5BE82AC0E31273654E99A121E0C2F84','default.jpg','你的第一个手机号码是多少？',1,0,'','bbc',16),(17,'ff','','2013-05-01 20:49:52','1@1.com',2,0,'E70CBE0CBEB622DC06E7AB516CE45EDF724E41B38A892A0EF17105CA','default.jpg','你的启蒙老师叫什么',3,0,'','fff',17),(18,'123','','2013-05-13 17:58:15','12@qq.com',0,0,'81DF3DB0EDB5B5CAA869AA9BD4C6CDAF1AF1BCFD8F01C22DE42DEE86','default.jpg','你的启蒙老师叫什么',0,0,'','123',18),(19,'lulu','','2013-05-15 17:08:04','66666666@qq.com',1,10,'83A913DD4BE88A4812CCB41ED18F3B66D5404C4C538650E108CEC20F','default.jpg','你的启蒙老师叫什么',28,1,'','longbai',19),(20,'蔡依林','','2013-05-16 16:49:39','wangkun@qq.com',0,0,'4BF0F1CFFB147D602D1C521D98AD2DD8E34D382A5A362EF450775C01','default.jpg','你最喜欢的明星是谁？',0,0,'','wangku',20),(21,'123123','','2013-05-17 16:41:07','tom@sina.com',0,5,'4176A3B2289D007238ADC1F06B0B97923BF9C789534620A33B7A307E','default.jpg','你的身份证最后6位数字是什么？',9,1,'','tom',21),(28,'学校啊，不知道！','','2013-05-25 19:30:55','111@sina.com',0,0,'D1D0E1C8ADE82683935A828E3423693F5C60BFAF57CD3E57C11903BB','default.jpg','你高中在哪所学校就读？',0,0,'','10000',30),(29,'1','','2013-05-25 19:30:55','1',0,0,'B78BB0FE0223406534350A78C4E7AF29F073165D9B972970B8DC7E5B','default.jpg','1',0,0,'','10001',31),(30,'你猜呢？','','2013-05-25 19:30:55','11@1.com',0,0,'32020F06B38C20A09C3C94921E4CE7FF3E4FF6464CB8EAE0A6121324','default.jpg','你最喜欢的明星是谁？',0,0,'','10002',32);
/*!40000 ALTER TABLE `t_user` ENABLE KEYS */;
UNLOCK TABLES;
/*!40103 SET TIME_ZONE=@OLD_TIME_ZONE */;

/*!40101 SET SQL_MODE=@OLD_SQL_MODE */;
/*!40014 SET FOREIGN_KEY_CHECKS=@OLD_FOREIGN_KEY_CHECKS */;
/*!40014 SET UNIQUE_CHECKS=@OLD_UNIQUE_CHECKS */;
/*!40101 SET CHARACTER_SET_CLIENT=@OLD_CHARACTER_SET_CLIENT */;
/*!40101 SET CHARACTER_SET_RESULTS=@OLD_CHARACTER_SET_RESULTS */;
/*!40101 SET COLLATION_CONNECTION=@OLD_COLLATION_CONNECTION */;
/*!40111 SET SQL_NOTES=@OLD_SQL_NOTES */;

-- Dump completed on 2013-05-25 23:11:58
